Variable,Model,sdev,coef,site
Rn,S-CNTL,0.921904410914459,0.9986894485534944,AU-Preston
Rn,S-WRF_LCZ,0.9687264984275941,0.9988565090785283,AU-Preston
Rn,S-LI_LCZ,0.9629507932746618,0.9988698692675612,AU-Preston
SWup,S-CNTL,1.0121841306278538,0.9967015647115389,AU-Preston
SWup,S-WRF_LCZ,1.0121841306278538,0.9967015647115389,AU-Preston
SWup,S-LI_LCZ,1.0121841306278538,0.9967015647115389,AU-Preston
LWup,S-CNTL,1.3322364188969873,0.9726340019579821,AU-Preston
LWup,S-WRF_LCZ,1.1501697169719243,0.9877896815354116,AU-Preston
LWup,S-LI_LCZ,1.1709001105418821,0.9872755545303882,AU-Preston
Qh,S-CNTL,1.083277124293261,0.9398038172721485,AU-Preston
Qh,S-WRF_LCZ,0.9197482531656823,0.9118906209814722,AU-Preston
Qh,S-LI_LCZ,0.9394097648558772,0.9171582194511488,AU-Preston
Qle,S-CNTL,0.7810960197578181,0.6169531878107762,AU-Preston
Qle,S-WRF_LCZ,0.7590504351049222,0.6131647430388238,AU-Preston
Qle,S-LI_LCZ,0.7624055722145245,0.6138319171358194,AU-Preston
Qtau,S-CNTL,0.4207845185662328,0.8607375430313011,AU-Preston
Qtau,S-WRF_LCZ,0.4095925445150349,0.8531372890163541,AU-Preston
Qtau,S-LI_LCZ,0.4106306019588759,0.8540943574338107,AU-Preston
Rn,S-CNTL,0.952025556386084,0.9986753730907428,AU-SurreyHills
Rn,S-WRF_LCZ,0.9922941432483217,0.9988877635972208,AU-SurreyHills
Rn,S-LI_LCZ,0.9874238521484286,0.9988923448389911,AU-SurreyHills
SWup,S-CNTL,0.9880780429491373,0.9956804433626938,AU-SurreyHills
SWup,S-WRF_LCZ,0.9880780429491373,0.9956804433626938,AU-SurreyHills
SWup,S-LI_LCZ,0.9880780429491373,0.9956804433626938,AU-SurreyHills
LWup,S-CNTL,1.1919256332851411,0.9790756436729497,AU-SurreyHills
LWup,S-WRF_LCZ,1.0790305131719646,0.9901188908975319,AU-SurreyHills
LWup,S-LI_LCZ,1.0921662003911476,0.9898449186499332,AU-SurreyHills
Qh,S-CNTL,0.8189123343979029,0.9309665296163857,AU-SurreyHills
Qh,S-WRF_LCZ,0.7076888768808284,0.9047107081800202,AU-SurreyHills
Qh,S-LI_LCZ,0.7201058244708003,0.9090782373777991,AU-SurreyHills
Qle,S-CNTL,0.5323564013421324,0.5113921247483254,AU-SurreyHills
Qle,S-WRF_LCZ,0.5050758260829761,0.504641963745873,AU-SurreyHills
Qle,S-LI_LCZ,0.5074318546483282,0.5059047147869201,AU-SurreyHills
Qtau,S-CNTL,0.3890929719686672,0.8457737374240383,AU-SurreyHills
Qtau,S-WRF_LCZ,0.38129464808525587,0.8369337661061877,AU-SurreyHills
Qtau,S-LI_LCZ,0.38189356074113356,0.8380428685040515,AU-SurreyHills
Rn,S-CNTL,0.9146860554317464,0.9979159782209126,CA-Sunset
Rn,S-WRF_LCZ,0.9305893238681723,0.9979907108826217,CA-Sunset
Rn,S-LI_LCZ,0.930574619771757,0.9979980344966196,CA-Sunset
SWup,S-CNTL,0.9687902718292699,0.9780657257956433,CA-Sunset
SWup,S-WRF_LCZ,0.9687726946571709,0.9780633134872685,CA-Sunset
SWup,S-LI_LCZ,0.9687769023199899,0.9780626758516583,CA-Sunset
LWup,S-CNTL,1.289829263375787,0.9574148556762666,CA-Sunset
LWup,S-WRF_LCZ,1.2371255469846183,0.9643524870989987,CA-Sunset
LWup,S-LI_LCZ,1.2339920034884306,0.9641366351575535,CA-Sunset
Qh,S-CNTL,0.7461799187644024,0.9462036694761448,CA-Sunset
Qh,S-WRF_LCZ,0.6976850850244473,0.9440223838184111,CA-Sunset
Qh,S-LI_LCZ,0.707983507317158,0.9447761538283822,CA-Sunset
Qle,S-CNTL,1.003727400042654,0.697892660348922,CA-Sunset
Qle,S-WRF_LCZ,0.9906310548236011,0.6977471374275084,CA-Sunset
Qle,S-LI_LCZ,0.9925404195838915,0.6975529990739164,CA-Sunset
Qtau,S-CNTL,0.5998522376659652,0.32293237103715655,CA-Sunset
Qtau,S-WRF_LCZ,0.5915888131792568,0.31880245484698994,CA-Sunset
Qtau,S-LI_LCZ,0.5922502145053012,0.3192578105413799,CA-Sunset
Rn,S-CNTL,0.9615740341152773,0.9956605790393084,FI-Kumpula
Rn,S-WRF_LCZ,0.9804189219375739,0.9960544487242314,FI-Kumpula
Rn,S-LI_LCZ,0.9830523999522657,0.9960893897335085,FI-Kumpula
SWup,S-CNTL,0.9135261067460426,0.939763920801273,FI-Kumpula
SWup,S-WRF_LCZ,0.9083905438441087,0.9502195048485981,FI-Kumpula
SWup,S-LI_LCZ,0.9104624784229595,0.9506203332884873,FI-Kumpula
LWup,S-CNTL,1.05100726083189,0.9903143298159445,FI-Kumpula
LWup,S-WRF_LCZ,1.0252261205906068,0.9935317077459915,FI-Kumpula
LWup,S-LI_LCZ,1.020055148928585,0.9936764106215482,FI-Kumpula
Qh,S-CNTL,0.7882633350459779,0.7867867381629291,FI-Kumpula
Qh,S-WRF_LCZ,0.6861308823830806,0.7366435153876408,FI-Kumpula
Qh,S-LI_LCZ,0.6806314764425379,0.7295785782637326,FI-Kumpula
Qle,S-CNTL,0.8103574617895857,0.6830695236424555,FI-Kumpula
Qle,S-WRF_LCZ,0.8005818452764067,0.6814703936589668,FI-Kumpula
Qle,S-LI_LCZ,0.799180287732232,0.6815322868606601,FI-Kumpula
Rn,S-CNTL,0.9334373843175926,0.9986301536167332,FI-Torni
Rn,S-WRF_LCZ,0.9833513541155914,0.9985337501497322,FI-Torni
Rn,S-LI_LCZ,0.985744504207262,0.998544882785713,FI-Torni
SWup,S-CNTL,1.0984437802826477,0.9333237139218634,FI-Torni
SWup,S-WRF_LCZ,0.9904019855437636,0.9630544764308048,FI-Torni
SWup,S-LI_LCZ,1.0024176944366825,0.9640997255018731,FI-Torni
LWup,S-CNTL,1.122336377592434,0.9847130676345542,FI-Torni
LWup,S-WRF_LCZ,1.0648373679727587,0.9924189110429852,FI-Torni
LWup,S-LI_LCZ,1.0649134848808195,0.9923122144280467,FI-Torni
Qh,S-CNTL,1.0360885017476558,0.7915632454881122,FI-Torni
Qh,S-WRF_LCZ,0.8416194009514187,0.7030507002104792,FI-Torni
Qh,S-LI_LCZ,0.8308136391636137,0.691816174574895,FI-Torni
Qle,S-CNTL,0.6378978544263354,0.46220241543281637,FI-Torni
Qle,S-WRF_LCZ,0.6115454150675904,0.4515681221135916,FI-Torni
Qle,S-LI_LCZ,0.6114701919330784,0.4527582479665469,FI-Torni
Rn,S-CNTL,0.9094508336440994,0.9988392080740267,FR-Capitole
Rn,S-WRF_LCZ,0.9749459968354117,0.999089083144217,FR-Capitole
Rn,S-LI_LCZ,0.9834867545156647,0.9989983027171961,FR-Capitole
SWup,S-CNTL,1.049523695126662,0.9909232190957469,FR-Capitole
SWup,S-WRF_LCZ,1.0495272212887372,0.9909228993306091,FR-Capitole
SWup,S-LI_LCZ,1.0495272212887372,0.9909228993306091,FR-Capitole
LWup,S-CNTL,1.275404948373725,0.9856403750893963,FR-Capitole
LWup,S-WRF_LCZ,1.1199840802599592,0.995579800043961,FR-Capitole
LWup,S-LI_LCZ,1.1066196551257048,0.9944115494421141,FR-Capitole
Qh,S-CNTL,0.9729856550263118,0.9124456292597082,FR-Capitole
Qh,S-WRF_LCZ,0.76061800621074,0.8627500083105359,FR-Capitole
Qh,S-LI_LCZ,0.7064232142065958,0.8378603893375867,FR-Capitole
Qle,S-CNTL,1.0226006804085135,0.5141821858681397,FR-Capitole
Qle,S-WRF_LCZ,0.8982875739724363,0.532962680287399,FR-Capitole
Qle,S-LI_LCZ,0.8825680352607848,0.5331956400207808,FR-Capitole
Qtau,S-CNTL,0.5023355465052343,0.8883400178446308,FR-Capitole
Qtau,S-WRF_LCZ,0.49378327579618936,0.8900350241966284,FR-Capitole
Qtau,S-LI_LCZ,0.4911100619217717,0.8894109782072182,FR-Capitole
Rn,S-CNTL,0.8588723222686112,0.996459335745837,GR-HECKOR
Rn,S-WRF_LCZ,0.923348203897256,0.9970369656964153,GR-HECKOR
Rn,S-LI_LCZ,0.9225848252956707,0.9970474073597647,GR-HECKOR
SWup,S-CNTL,1.0535497685641328,0.9935046722519553,GR-HECKOR
SWup,S-WRF_LCZ,1.0535497685641328,0.9935046722519553,GR-HECKOR
SWup,S-LI_LCZ,1.0535497685641328,0.9935046722519553,GR-HECKOR
LWup,S-CNTL,1.6792675991805268,0.93104891513881,GR-HECKOR
LWup,S-WRF_LCZ,1.4179754837040517,0.9761910801907534,GR-HECKOR
LWup,S-LI_LCZ,1.420084922503564,0.9755373824522711,GR-HECKOR
Qh,S-CNTL,1.3701144316550404,0.9371590084416795,GR-HECKOR
Qh,S-WRF_LCZ,1.1105908349632398,0.9501145113855061,GR-HECKOR
Qh,S-LI_LCZ,1.1185482510611522,0.95018112468188,GR-HECKOR
Qle,S-CNTL,0.7677313541567247,0.15307591765163325,GR-HECKOR
Qle,S-WRF_LCZ,0.7596329615267038,0.1440117806033455,GR-HECKOR
Qle,S-LI_LCZ,0.7602335881416564,0.14423068072410697,GR-HECKOR
Qtau,S-CNTL,0.1667094478419726,0.8605527784330762,GR-HECKOR
Qtau,S-WRF_LCZ,0.16137388456095594,0.8824539531110525,GR-HECKOR
Qtau,S-LI_LCZ,0.16157837590400456,0.8826103129795668,GR-HECKOR
Rn,S-CNTL,0.8972295146297327,0.9969111549706334,JP-Yoyogi
Rn,S-WRF_LCZ,0.9226407010807512,0.9973813074909871,JP-Yoyogi
Rn,S-LI_LCZ,0.9322047464906169,0.9973571709404208,JP-Yoyogi
SWup,S-CNTL,1.0430200545808013,0.9701804002777679,JP-Yoyogi
SWup,S-WRF_LCZ,1.0427929933714897,0.9702098778787316,JP-Yoyogi
SWup,S-LI_LCZ,1.0427601352124574,0.9702067524430315,JP-Yoyogi
LWup,S-CNTL,1.242554659596517,0.9693614005564747,JP-Yoyogi
LWup,S-WRF_LCZ,1.1724485238808933,0.9817601169957879,JP-Yoyogi
LWup,S-LI_LCZ,1.1568441831622582,0.9847967754438313,JP-Yoyogi
Qh,S-CNTL,1.0316028751956918,0.8539875738999867,JP-Yoyogi
Qh,S-WRF_LCZ,0.9566718743147388,0.8394246809167211,JP-Yoyogi
Qh,S-LI_LCZ,0.8905305008449073,0.8067322559072521,JP-Yoyogi
Qle,S-CNTL,0.75495409879802,0.46653586288283544,JP-Yoyogi
Qle,S-WRF_LCZ,0.7399532120001072,0.4728678778211073,JP-Yoyogi
Qle,S-LI_LCZ,0.7350143448470517,0.4728844681890749,JP-Yoyogi
Rn,S-CNTL,0.9226161722947797,0.9951850145846565,KR-Jungnang
Rn,S-WRF_LCZ,0.9723800366491382,0.9979727856339651,KR-Jungnang
Rn,S-LI_LCZ,0.9827986813338263,0.9979089300846049,KR-Jungnang
SWup,S-CNTL,0.9210079485014235,0.9824737356206265,KR-Jungnang
SWup,S-WRF_LCZ,0.9210518551730306,0.98247523597642,KR-Jungnang
SWup,S-LI_LCZ,0.9210372776934361,0.9824763706621743,KR-Jungnang
LWup,S-CNTL,1.207838729726547,0.9783062819985696,KR-Jungnang
LWup,S-WRF_LCZ,1.1119301177895586,0.9922163352512414,KR-Jungnang
LWup,S-LI_LCZ,1.1008336674885124,0.9923281245598888,KR-Jungnang
Qh,S-CNTL,1.1131046107213343,0.8101239844731446,KR-Jungnang
Qh,S-WRF_LCZ,0.910752174873355,0.8005496025164028,KR-Jungnang
Qh,S-LI_LCZ,0.8428042150862468,0.7874512187465872,KR-Jungnang
Qle,S-CNTL,0.7454710474484839,0.3418041849273218,KR-Jungnang
Qle,S-WRF_LCZ,0.700472247548619,0.34819960261999955,KR-Jungnang
Qle,S-LI_LCZ,0.693672743553806,0.3473139139084845,KR-Jungnang
Rn,S-CNTL,0.9819310308008127,0.9954022212636219,KR-Ochang
Rn,S-WRF_LCZ,0.9891848732746665,0.9955035076748561,KR-Ochang
Rn,S-LI_LCZ,0.9918862027100153,0.9955231609822258,KR-Ochang
SWup,S-CNTL,0.9952753622730461,0.9464143502388305,KR-Ochang
SWup,S-WRF_LCZ,0.9952551394427346,0.9464031285745635,KR-Ochang
SWup,S-LI_LCZ,0.9952480298539532,0.9463983068732317,KR-Ochang
LWup,S-CNTL,1.04579799230731,0.989137754082566,KR-Ochang
LWup,S-WRF_LCZ,1.037355859988821,0.9892053867296104,KR-Ochang
LWup,S-LI_LCZ,1.0343168707353856,0.9891806842254488,KR-Ochang
Qh,S-CNTL,0.7856040389828609,0.8457227171058428,KR-Ochang
Qh,S-WRF_LCZ,0.7828481681254723,0.8400758381707414,KR-Ochang
Qh,S-LI_LCZ,0.7810893427977861,0.8385976576854329,KR-Ochang
Qle,S-CNTL,1.206316404345611,0.6958163221637957,KR-Ochang
Qle,S-WRF_LCZ,1.201983392700027,0.6921165463687688,KR-Ochang
Qle,S-LI_LCZ,1.200930302409452,0.6917406816307237,KR-Ochang
Rn,S-CNTL,,,MX-Escandon
Rn,S-WRF_LCZ,,,MX-Escandon
Rn,S-LI_LCZ,,,MX-Escandon
SWup,S-CNTL,1.0908104105935428,0.9833929016555304,MX-Escandon
SWup,S-WRF_LCZ,1.0908104105935428,0.9833929016555304,MX-Escandon
SWup,S-LI_LCZ,1.0908104105935428,0.9833929016555304,MX-Escandon
Qh,S-CNTL,1.3290612134977415,0.8370207092624912,MX-Escandon
Qh,S-WRF_LCZ,1.0104734031282983,0.8031507234399728,MX-Escandon
Qh,S-LI_LCZ,1.0369689883030397,0.8068000490856673,MX-Escandon
Qle,S-CNTL,0.8523521461221502,0.28845321231974036,MX-Escandon
Qle,S-WRF_LCZ,0.7474523631486678,0.29643198248562214,MX-Escandon
Qle,S-LI_LCZ,0.7525969136555671,0.2967042499783151,MX-Escandon
Qtau,S-CNTL,0.1354277261203304,0.697597970429323,MX-Escandon
Qtau,S-WRF_LCZ,0.13694555869300581,0.7070551042637856,MX-Escandon
Qtau,S-LI_LCZ,0.13711852588007556,0.7081286022601428,MX-Escandon
Rn,S-CNTL,0.9524819608752448,0.9991686649114447,NL-Amsterdam
Rn,S-WRF_LCZ,0.9912108840331939,0.9991348506754585,NL-Amsterdam
Rn,S-LI_LCZ,0.9978597575621211,0.9990952783069127,NL-Amsterdam
SWup,S-CNTL,0.9399346229998994,0.9856853096621399,NL-Amsterdam
SWup,S-WRF_LCZ,0.9401294460012521,0.9856692636938423,NL-Amsterdam
SWup,S-LI_LCZ,0.9401003793579408,0.9856728209484212,NL-Amsterdam
LWup,S-CNTL,1.1932459634806851,0.9789016492044866,NL-Amsterdam
LWup,S-WRF_LCZ,1.071410039771765,0.9898439326851437,NL-Amsterdam
LWup,S-LI_LCZ,1.055581541478838,0.9897228979898574,NL-Amsterdam
Qh,S-CNTL,0.9815855077505454,0.8610624695340318,NL-Amsterdam
Qh,S-WRF_LCZ,0.8575679188106172,0.8458040842054775,NL-Amsterdam
Qh,S-LI_LCZ,0.8126624973826987,0.8345950452437185,NL-Amsterdam
Qle,S-CNTL,0.9175413921403182,0.6545361555006174,NL-Amsterdam
Qle,S-WRF_LCZ,0.8757906471042333,0.6548804658023362,NL-Amsterdam
Qle,S-LI_LCZ,0.8667964682596675,0.6538799989301738,NL-Amsterdam
Qtau,S-CNTL,0.3506366228369563,0.7260231291828995,NL-Amsterdam
Qtau,S-WRF_LCZ,0.34411367714950813,0.7202193421414484,NL-Amsterdam
Qtau,S-LI_LCZ,0.3420796776478187,0.7181064055670121,NL-Amsterdam
Rn,S-CNTL,0.9161276337921965,0.9935374579464618,PL-Lipowa
Rn,S-WRF_LCZ,0.9522778215334943,0.9929791171579575,PL-Lipowa
Rn,S-LI_LCZ,0.956641085982386,0.9931320982735995,PL-Lipowa
SWup,S-CNTL,0.9706396776495294,0.8581946977283332,PL-Lipowa
SWup,S-WRF_LCZ,0.9690805413566439,0.8591300759726685,PL-Lipowa
SWup,S-LI_LCZ,0.9692080161455605,0.8592285334498216,PL-Lipowa
LWup,S-CNTL,1.0235546782731075,0.9663605095360355,PL-Lipowa
LWup,S-WRF_LCZ,0.9683371471222751,0.9784212022954213,PL-Lipowa
LWup,S-LI_LCZ,0.963664369699563,0.9801073273096894,PL-Lipowa
Qh,S-CNTL,1.1413323306586454,0.8465823785881635,PL-Lipowa
Qh,S-WRF_LCZ,1.0218957180228871,0.8223471080501487,PL-Lipowa
Qh,S-LI_LCZ,0.9951995044531785,0.814220044626544,PL-Lipowa
Qle,S-CNTL,0.7032036522186432,0.555513600637839,PL-Lipowa
Qle,S-WRF_LCZ,0.6880592654109476,0.5569866441194015,PL-Lipowa
Qle,S-LI_LCZ,0.6865594119104572,0.5563240389531531,PL-Lipowa
Rn,S-CNTL,0.9632661385332668,0.9968409078688159,PL-Narutowicza
Rn,S-WRF_LCZ,0.9913135004711838,0.9969293835409576,PL-Narutowicza
Rn,S-LI_LCZ,0.9951957527342411,0.9969449022870472,PL-Narutowicza
SWup,S-CNTL,0.9989795743269138,0.9465155064908101,PL-Narutowicza
SWup,S-WRF_LCZ,0.9969037877451241,0.9463297289885241,PL-Narutowicza
SWup,S-LI_LCZ,0.9975573494451941,0.9464461562512438,PL-Narutowicza
LWup,S-CNTL,1.0136144299962457,0.9728066542890457,PL-Narutowicza
LWup,S-WRF_LCZ,0.9704891165946007,0.9757115312854232,PL-Narutowicza
LWup,S-LI_LCZ,0.9658589108456003,0.975820954499425,PL-Narutowicza
Qh,S-CNTL,0.9645286813979167,0.8555850598330876,PL-Narutowicza
Qh,S-WRF_LCZ,0.8928568245677919,0.8245062420810118,PL-Narutowicza
Qh,S-LI_LCZ,0.8696165269371423,0.8077477950589951,PL-Narutowicza
Qle,S-CNTL,0.6810551053552172,0.5310133275379786,PL-Narutowicza
Qle,S-WRF_LCZ,0.6787166822945916,0.5294605309524605,PL-Narutowicza
Qle,S-LI_LCZ,0.6775224787985193,0.5291107866852778,PL-Narutowicza
Rn,S-CNTL,0.8979930586277003,0.9976032996588562,SG-TelokKurau06
Rn,S-WRF_LCZ,0.9446466546121917,0.9980286379288321,SG-TelokKurau06
Rn,S-LI_LCZ,0.9422718462519232,0.9979814482303776,SG-TelokKurau06
SWup,S-CNTL,1.0675687485953467,0.9932089552220315,SG-TelokKurau06
SWup,S-WRF_LCZ,1.0675687485953467,0.9932089552220315,SG-TelokKurau06
SWup,S-LI_LCZ,1.0675687485953467,0.9932089552220315,SG-TelokKurau06
LWup,S-CNTL,2.0303357939273425,0.9771975817549589,SG-TelokKurau06
LWup,S-WRF_LCZ,1.6371104407933241,0.9819545854830949,SG-TelokKurau06
LWup,S-LI_LCZ,1.6607744839643253,0.9822672751778584,SG-TelokKurau06
Qh,S-CNTL,1.0989621876550475,0.9639501173220061,SG-TelokKurau06
Qh,S-WRF_LCZ,0.9494854839893263,0.9561171609946927,SG-TelokKurau06
Qh,S-LI_LCZ,0.9625353084011086,0.9572694348302897,SG-TelokKurau06
Qle,S-CNTL,0.8226941235826969,0.5989538910554846,SG-TelokKurau06
Qle,S-WRF_LCZ,0.8016972660455733,0.5863991756837664,SG-TelokKurau06
Qle,S-LI_LCZ,0.802204765397814,0.5868532396180756,SG-TelokKurau06
Rn,S-CNTL,0.9364626357846354,0.9994349371870946,UK-KingsCollege
Rn,S-WRF_LCZ,0.9882462200952251,0.9992292820031127,UK-KingsCollege
Rn,S-LI_LCZ,0.9952803222823138,0.9991684676787481,UK-KingsCollege
SWup,S-CNTL,0.9577577355904437,0.9856639027627654,UK-KingsCollege
SWup,S-WRF_LCZ,0.9577577355904437,0.9856639027627654,UK-KingsCollege
SWup,S-LI_LCZ,0.9577577355904437,0.9856639027627654,UK-KingsCollege
LWup,S-CNTL,1.1660673779921915,0.9801189121269297,UK-KingsCollege
LWup,S-WRF_LCZ,1.0544994459760344,0.9926902653570484,UK-KingsCollege
LWup,S-LI_LCZ,1.042207064347935,0.9917972932770875,UK-KingsCollege
Qh,S-CNTL,1.1718453109094369,0.8043496103816365,UK-KingsCollege
Qh,S-WRF_LCZ,0.8928340088695643,0.7630741600113887,UK-KingsCollege
Qh,S-LI_LCZ,0.8474869643386823,0.7427562159572278,UK-KingsCollege
Qle,S-CNTL,0.9383391186445136,0.42599055687025206,UK-KingsCollege
Qle,S-WRF_LCZ,0.88631624791847,0.43051932371637097,UK-KingsCollege
Qle,S-LI_LCZ,0.8769798311731759,0.430268768461318,UK-KingsCollege
Qtau,S-CNTL,0.8490433658846424,0.7510059611101915,UK-KingsCollege
Qtau,S-WRF_LCZ,0.8122723293402792,0.7397123795663447,UK-KingsCollege
Qtau,S-LI_LCZ,0.8053485668221222,0.7382303762344903,UK-KingsCollege
Rn,S-CNTL,0.945140157140833,0.9989383471578978,UK-Swindon
Rn,S-WRF_LCZ,0.9671948126208443,0.9990251514907322,UK-Swindon
Rn,S-LI_LCZ,0.9671620286356436,0.9990488340645087,UK-Swindon
SWup,S-CNTL,0.9817846749080682,0.9883674811520667,UK-Swindon
SWup,S-WRF_LCZ,0.9817849870067094,0.9883677812990307,UK-Swindon
SWup,S-LI_LCZ,0.9817848621672529,0.9883677344308616,UK-Swindon
LWup,S-CNTL,1.247452552527107,0.9836465970630096,UK-Swindon
LWup,S-WRF_LCZ,1.1892818179844828,0.9888432468320028,UK-Swindon
LWup,S-LI_LCZ,1.1881573567039103,0.9890560085659895,UK-Swindon
Qh,S-CNTL,0.9126950822157577,0.9353032118279024,UK-Swindon
Qh,S-WRF_LCZ,0.7987586630908182,0.9103420673641368,UK-Swindon
Qh,S-LI_LCZ,0.8055404155330109,0.9115650218992799,UK-Swindon
Qle,S-CNTL,1.0555140538762073,0.8096106498535901,UK-Swindon
Qle,S-WRF_LCZ,1.034943328044571,0.8059454773362684,UK-Swindon
Qle,S-LI_LCZ,1.0351818439232159,0.8058955844476128,UK-Swindon
Qtau,S-CNTL,0.3170451516212165,0.7399532658261795,UK-Swindon
Qtau,S-WRF_LCZ,0.3088199007305354,0.73091000268544,UK-Swindon
Qtau,S-LI_LCZ,0.30903020323075814,0.7310741622111205,UK-Swindon
Rn,S-CNTL,0.9110520190044721,0.9954494485700759,US-Baltimore
Rn,S-WRF_LCZ,0.9227970567078383,0.995587905418001,US-Baltimore
Rn,S-LI_LCZ,0.921928868887955,0.9955825007019793,US-Baltimore
SWup,S-CNTL,1.155704788067463,0.9364268982651225,US-Baltimore
SWup,S-WRF_LCZ,1.1531040159112325,0.9376926330867734,US-Baltimore
SWup,S-LI_LCZ,1.153288375005477,0.9378103597513335,US-Baltimore
LWup,S-CNTL,1.2478532921371888,0.9661636673045247,US-Baltimore
LWup,S-WRF_LCZ,1.2243793704511101,0.9720766525651237,US-Baltimore
LWup,S-LI_LCZ,1.2254146430656403,0.9716943830952973,US-Baltimore
Qh,S-CNTL,0.7800644757857395,0.7721252606354387,US-Baltimore
Qh,S-WRF_LCZ,0.7457288539738385,0.7523174332342653,US-Baltimore
Qh,S-LI_LCZ,0.7532159060029958,0.7553887570250475,US-Baltimore
Qle,S-CNTL,1.0048513992351664,0.6667325698650406,US-Baltimore
Qle,S-WRF_LCZ,0.9973829553963384,0.6637986895306961,US-Baltimore
Qle,S-LI_LCZ,0.9983002764992841,0.663926664176663,US-Baltimore
Qtau,S-CNTL,0.35413029855312267,0.8659312298547426,US-Baltimore
Qtau,S-WRF_LCZ,0.3526749239195029,0.8622067912929303,US-Baltimore
Qtau,S-LI_LCZ,0.3528724448674376,0.8628943025469221,US-Baltimore
Rn,S-CNTL,0.9792401133200239,0.9762017662204657,US-Minneapolis1
Rn,S-WRF_LCZ,0.9887545066050248,0.9761176334750121,US-Minneapolis1
Rn,S-LI_LCZ,0.9879200438096677,0.9760119165245661,US-Minneapolis1
SWup,S-CNTL,0.7689437702226726,0.9095173189792478,US-Minneapolis1
SWup,S-WRF_LCZ,0.7659887463228006,0.9089557729430873,US-Minneapolis1
SWup,S-LI_LCZ,0.7652587345404451,0.9084301960882618,US-Minneapolis1
LWup,S-CNTL,0.9767758893585513,0.9893183732132965,US-Minneapolis1
LWup,S-WRF_LCZ,0.9689872930866448,0.9880516537402081,US-Minneapolis1
LWup,S-LI_LCZ,0.9687716544614288,0.988285567613278,US-Minneapolis1
Qh,S-CNTL,0.6160682222927542,0.8625368611098586,US-Minneapolis1
Qh,S-WRF_LCZ,0.6043450939787557,0.8554986512116641,US-Minneapolis1
Qh,S-LI_LCZ,0.6094727420905368,0.8578759685349557,US-Minneapolis1
Qle,S-CNTL,1.419279954884021,0.8393022964994171,US-Minneapolis1
Qle,S-WRF_LCZ,1.3932105202210197,0.8370523672968694,US-Minneapolis1
Qle,S-LI_LCZ,1.3947531475224708,0.8370927472207244,US-Minneapolis1
Qtau,S-CNTL,0.350169015536743,0.8781515852932271,US-Minneapolis1
Qtau,S-WRF_LCZ,0.34955463245613205,0.8782122356651132,US-Minneapolis1
Qtau,S-LI_LCZ,0.3497764511032412,0.878447128598115,US-Minneapolis1
Rn,S-CNTL,1.025618286196817,0.980306092334398,US-Minneapolis2
Rn,S-WRF_LCZ,1.027420084639581,0.9797095555103055,US-Minneapolis2
Rn,S-LI_LCZ,1.027658911219765,0.979690938936057,US-Minneapolis2
SWup,S-CNTL,0.7615058772313267,0.8920323234865896,US-Minneapolis2
SWup,S-WRF_LCZ,0.7611733875276956,0.8909232035646828,US-Minneapolis2
SWup,S-LI_LCZ,0.761172672688236,0.8908782360181325,US-Minneapolis2
LWup,S-CNTL,0.8997087339157805,0.9828814350916126,US-Minneapolis2
LWup,S-WRF_LCZ,0.9056055156543708,0.9825424990334907,US-Minneapolis2
LWup,S-LI_LCZ,0.9055103771572468,0.9824608961742289,US-Minneapolis2
Qh,S-CNTL,0.6900689244507647,0.6217196863768385,US-Minneapolis2
Qh,S-WRF_LCZ,0.6987100477203686,0.6466734223314238,US-Minneapolis2
Qh,S-LI_LCZ,0.6983288116431585,0.6471945723848275,US-Minneapolis2
Qle,S-CNTL,1.5204718453916575,0.890502951218776,US-Minneapolis2
Qle,S-WRF_LCZ,1.4956076806097784,0.8871081421581165,US-Minneapolis2
Qle,S-LI_LCZ,1.4942948548218418,0.8869769358283719,US-Minneapolis2
Qtau,S-CNTL,0.36332976274340417,0.821173839913956,US-Minneapolis2
Qtau,S-WRF_LCZ,0.3689805562996671,0.8273567072819941,US-Minneapolis2
Qtau,S-LI_LCZ,0.36911435321032987,0.8275676854148383,US-Minneapolis2
Rn,S-CNTL,0.9757634657417039,0.9988780089371888,US-WestPhoenix
Rn,S-WRF_LCZ,0.9949387603035191,0.9985908806704872,US-WestPhoenix
Rn,S-LI_LCZ,0.9921339411790153,0.9986041508179864,US-WestPhoenix
SWup,S-CNTL,0.9897725343353921,0.9958409651274708,US-WestPhoenix
SWup,S-WRF_LCZ,0.9897725343353921,0.9958409651274708,US-WestPhoenix
SWup,S-LI_LCZ,0.9897725343353921,0.9958409651274708,US-WestPhoenix
LWup,S-CNTL,1.0509911570311345,0.9957998612107003,US-WestPhoenix
LWup,S-WRF_LCZ,1.0039714178793868,0.9943546243718275,US-WestPhoenix
LWup,S-LI_LCZ,1.007991796563246,0.9946526227555389,US-WestPhoenix
Qh,S-CNTL,1.0415668814600798,0.9396756497821193,US-WestPhoenix
Qh,S-WRF_LCZ,0.98653022341964,0.9310726276676429,US-WestPhoenix
Qh,S-LI_LCZ,0.9969564900583455,0.9326959050245291,US-WestPhoenix
Qle,S-CNTL,0.6322762589181787,0.33418394585993183,US-WestPhoenix
Qle,S-WRF_LCZ,0.6371853135896651,0.33256852267885884,US-WestPhoenix
Qle,S-LI_LCZ,0.6356641263818589,0.3327844023793167,US-WestPhoenix
Qtau,S-CNTL,0.7148454513848131,0.8371438509667584,US-WestPhoenix
Qtau,S-WRF_LCZ,0.7107979069784947,0.8339199563808484,US-WestPhoenix
Qtau,S-LI_LCZ,0.7110431140648981,0.8347008842000665,US-WestPhoenix
