,Index,label_longname,Type
0,0,CANYON_HWR_1.2_HT_ROOF_1.2_THICK_ROOF_1.2_THICK_WALL_1.2_WTLUNIT_ROOF_1.2_WTROAD_PERV_1.2,morp
1,1,CANYON_HWR_1.2_HT_ROOF_1.2_THICK_ROOF_1.2_THICK_WALL_1.2_WTLUNIT_ROOF_1.2_WTROAD_PERV_0.8,morp
2,2,CANYON_HWR_1.2_HT_ROOF_1.2_THICK_ROOF_1.2_THICK_WALL_1.2_WTLUNIT_ROOF_0.8_WTROAD_PERV_1.2,morp
3,3,CANYON_HWR_1.2_HT_ROOF_1.2_THICK_ROOF_1.2_THICK_WALL_1.2_WTLUNIT_ROOF_0.8_WTROAD_PERV_0.8,morp
4,4,CANYON_HWR_1.2_HT_ROOF_1.2_THICK_ROOF_1.2_THICK_WALL_0.8_WTLUNIT_ROOF_1.2_WTROAD_PERV_1.2,morp
5,5,CANYON_HWR_1.2_HT_ROOF_1.2_THICK_ROOF_1.2_THICK_WALL_0.8_WTLUNIT_ROOF_1.2_WTROAD_PERV_0.8,morp
6,6,CANYON_HWR_1.2_HT_ROOF_1.2_THICK_ROOF_1.2_THICK_WALL_0.8_WTLUNIT_ROOF_0.8_WTROAD_PERV_1.2,morp
7,7,CANYON_HWR_1.2_HT_ROOF_1.2_THICK_ROOF_1.2_THICK_WALL_0.8_WTLUNIT_ROOF_0.8_WTROAD_PERV_0.8,morp
8,8,CANYON_HWR_1.2_HT_ROOF_1.2_THICK_ROOF_0.8_THICK_WALL_1.2_WTLUNIT_ROOF_1.2_WTROAD_PERV_1.2,morp
9,9,CANYON_HWR_1.2_HT_ROOF_1.2_THICK_ROOF_0.8_THICK_WALL_1.2_WTLUNIT_ROOF_1.2_WTROAD_PERV_0.8,morp
10,10,CANYON_HWR_1.2_HT_ROOF_1.2_THICK_ROOF_0.8_THICK_WALL_1.2_WTLUNIT_ROOF_0.8_WTROAD_PERV_1.2,morp
11,11,CANYON_HWR_1.2_HT_ROOF_1.2_THICK_ROOF_0.8_THICK_WALL_1.2_WTLUNIT_ROOF_0.8_WTROAD_PERV_0.8,morp
12,12,CANYON_HWR_1.2_HT_ROOF_1.2_THICK_ROOF_0.8_THICK_WALL_0.8_WTLUNIT_ROOF_1.2_WTROAD_PERV_1.2,morp
13,13,CANYON_HWR_1.2_HT_ROOF_1.2_THICK_ROOF_0.8_THICK_WALL_0.8_WTLUNIT_ROOF_1.2_WTROAD_PERV_0.8,morp
14,14,CANYON_HWR_1.2_HT_ROOF_1.2_THICK_ROOF_0.8_THICK_WALL_0.8_WTLUNIT_ROOF_0.8_WTROAD_PERV_1.2,morp
15,15,CANYON_HWR_1.2_HT_ROOF_1.2_THICK_ROOF_0.8_THICK_WALL_0.8_WTLUNIT_ROOF_0.8_WTROAD_PERV_0.8,morp
16,16,CANYON_HWR_1.2_HT_ROOF_0.8_THICK_ROOF_1.2_THICK_WALL_1.2_WTLUNIT_ROOF_1.2_WTROAD_PERV_1.2,morp
17,17,CANYON_HWR_1.2_HT_ROOF_0.8_THICK_ROOF_1.2_THICK_WALL_1.2_WTLUNIT_ROOF_1.2_WTROAD_PERV_0.8,morp
18,18,CANYON_HWR_1.2_HT_ROOF_0.8_THICK_ROOF_1.2_THICK_WALL_1.2_WTLUNIT_ROOF_0.8_WTROAD_PERV_1.2,morp
19,19,CANYON_HWR_1.2_HT_ROOF_0.8_THICK_ROOF_1.2_THICK_WALL_1.2_WTLUNIT_ROOF_0.8_WTROAD_PERV_0.8,morp
20,20,CANYON_HWR_1.2_HT_ROOF_0.8_THICK_ROOF_1.2_THICK_WALL_0.8_WTLUNIT_ROOF_1.2_WTROAD_PERV_1.2,morp
21,21,CANYON_HWR_1.2_HT_ROOF_0.8_THICK_ROOF_1.2_THICK_WALL_0.8_WTLUNIT_ROOF_1.2_WTROAD_PERV_0.8,morp
22,22,CANYON_HWR_1.2_HT_ROOF_0.8_THICK_ROOF_1.2_THICK_WALL_0.8_WTLUNIT_ROOF_0.8_WTROAD_PERV_1.2,morp
23,23,CANYON_HWR_1.2_HT_ROOF_0.8_THICK_ROOF_1.2_THICK_WALL_0.8_WTLUNIT_ROOF_0.8_WTROAD_PERV_0.8,morp
24,24,CANYON_HWR_1.2_HT_ROOF_0.8_THICK_ROOF_0.8_THICK_WALL_1.2_WTLUNIT_ROOF_1.2_WTROAD_PERV_1.2,morp
25,25,CANYON_HWR_1.2_HT_ROOF_0.8_THICK_ROOF_0.8_THICK_WALL_1.2_WTLUNIT_ROOF_1.2_WTROAD_PERV_0.8,morp
26,26,CANYON_HWR_1.2_HT_ROOF_0.8_THICK_ROOF_0.8_THICK_WALL_1.2_WTLUNIT_ROOF_0.8_WTROAD_PERV_1.2,morp
27,27,CANYON_HWR_1.2_HT_ROOF_0.8_THICK_ROOF_0.8_THICK_WALL_1.2_WTLUNIT_ROOF_0.8_WTROAD_PERV_0.8,morp
28,28,CANYON_HWR_1.2_HT_ROOF_0.8_THICK_ROOF_0.8_THICK_WALL_0.8_WTLUNIT_ROOF_1.2_WTROAD_PERV_1.2,morp
29,29,CANYON_HWR_1.2_HT_ROOF_0.8_THICK_ROOF_0.8_THICK_WALL_0.8_WTLUNIT_ROOF_1.2_WTROAD_PERV_0.8,morp
30,30,CANYON_HWR_1.2_HT_ROOF_0.8_THICK_ROOF_0.8_THICK_WALL_0.8_WTLUNIT_ROOF_0.8_WTROAD_PERV_1.2,morp
31,31,CANYON_HWR_1.2_HT_ROOF_0.8_THICK_ROOF_0.8_THICK_WALL_0.8_WTLUNIT_ROOF_0.8_WTROAD_PERV_0.8,morp
32,32,CANYON_HWR_0.8_HT_ROOF_1.2_THICK_ROOF_1.2_THICK_WALL_1.2_WTLUNIT_ROOF_1.2_WTROAD_PERV_1.2,morp
33,33,CANYON_HWR_0.8_HT_ROOF_1.2_THICK_ROOF_1.2_THICK_WALL_1.2_WTLUNIT_ROOF_1.2_WTROAD_PERV_0.8,morp
34,34,CANYON_HWR_0.8_HT_ROOF_1.2_THICK_ROOF_1.2_THICK_WALL_1.2_WTLUNIT_ROOF_0.8_WTROAD_PERV_1.2,morp
35,35,CANYON_HWR_0.8_HT_ROOF_1.2_THICK_ROOF_1.2_THICK_WALL_1.2_WTLUNIT_ROOF_0.8_WTROAD_PERV_0.8,morp
36,36,CANYON_HWR_0.8_HT_ROOF_1.2_THICK_ROOF_1.2_THICK_WALL_0.8_WTLUNIT_ROOF_1.2_WTROAD_PERV_1.2,morp
37,37,CANYON_HWR_0.8_HT_ROOF_1.2_THICK_ROOF_1.2_THICK_WALL_0.8_WTLUNIT_ROOF_1.2_WTROAD_PERV_0.8,morp
38,38,CANYON_HWR_0.8_HT_ROOF_1.2_THICK_ROOF_1.2_THICK_WALL_0.8_WTLUNIT_ROOF_0.8_WTROAD_PERV_1.2,morp
39,39,CANYON_HWR_0.8_HT_ROOF_1.2_THICK_ROOF_1.2_THICK_WALL_0.8_WTLUNIT_ROOF_0.8_WTROAD_PERV_0.8,morp
40,40,CANYON_HWR_0.8_HT_ROOF_1.2_THICK_ROOF_0.8_THICK_WALL_1.2_WTLUNIT_ROOF_1.2_WTROAD_PERV_1.2,morp
41,41,CANYON_HWR_0.8_HT_ROOF_1.2_THICK_ROOF_0.8_THICK_WALL_1.2_WTLUNIT_ROOF_1.2_WTROAD_PERV_0.8,morp
42,42,CANYON_HWR_0.8_HT_ROOF_1.2_THICK_ROOF_0.8_THICK_WALL_1.2_WTLUNIT_ROOF_0.8_WTROAD_PERV_1.2,morp
43,43,CANYON_HWR_0.8_HT_ROOF_1.2_THICK_ROOF_0.8_THICK_WALL_1.2_WTLUNIT_ROOF_0.8_WTROAD_PERV_0.8,morp
44,44,CANYON_HWR_0.8_HT_ROOF_1.2_THICK_ROOF_0.8_THICK_WALL_0.8_WTLUNIT_ROOF_1.2_WTROAD_PERV_1.2,morp
45,45,CANYON_HWR_0.8_HT_ROOF_1.2_THICK_ROOF_0.8_THICK_WALL_0.8_WTLUNIT_ROOF_1.2_WTROAD_PERV_0.8,morp
46,46,CANYON_HWR_0.8_HT_ROOF_1.2_THICK_ROOF_0.8_THICK_WALL_0.8_WTLUNIT_ROOF_0.8_WTROAD_PERV_1.2,morp
47,47,CANYON_HWR_0.8_HT_ROOF_1.2_THICK_ROOF_0.8_THICK_WALL_0.8_WTLUNIT_ROOF_0.8_WTROAD_PERV_0.8,morp
48,48,CANYON_HWR_0.8_HT_ROOF_0.8_THICK_ROOF_1.2_THICK_WALL_1.2_WTLUNIT_ROOF_1.2_WTROAD_PERV_1.2,morp
49,49,CANYON_HWR_0.8_HT_ROOF_0.8_THICK_ROOF_1.2_THICK_WALL_1.2_WTLUNIT_ROOF_1.2_WTROAD_PERV_0.8,morp
50,50,CANYON_HWR_0.8_HT_ROOF_0.8_THICK_ROOF_1.2_THICK_WALL_1.2_WTLUNIT_ROOF_0.8_WTROAD_PERV_1.2,morp
51,51,CANYON_HWR_0.8_HT_ROOF_0.8_THICK_ROOF_1.2_THICK_WALL_1.2_WTLUNIT_ROOF_0.8_WTROAD_PERV_0.8,morp
52,52,CANYON_HWR_0.8_HT_ROOF_0.8_THICK_ROOF_1.2_THICK_WALL_0.8_WTLUNIT_ROOF_1.2_WTROAD_PERV_1.2,morp
53,53,CANYON_HWR_0.8_HT_ROOF_0.8_THICK_ROOF_1.2_THICK_WALL_0.8_WTLUNIT_ROOF_1.2_WTROAD_PERV_0.8,morp
54,54,CANYON_HWR_0.8_HT_ROOF_0.8_THICK_ROOF_1.2_THICK_WALL_0.8_WTLUNIT_ROOF_0.8_WTROAD_PERV_1.2,morp
55,55,CANYON_HWR_0.8_HT_ROOF_0.8_THICK_ROOF_1.2_THICK_WALL_0.8_WTLUNIT_ROOF_0.8_WTROAD_PERV_0.8,morp
56,56,CANYON_HWR_0.8_HT_ROOF_0.8_THICK_ROOF_0.8_THICK_WALL_1.2_WTLUNIT_ROOF_1.2_WTROAD_PERV_1.2,morp
57,57,CANYON_HWR_0.8_HT_ROOF_0.8_THICK_ROOF_0.8_THICK_WALL_1.2_WTLUNIT_ROOF_1.2_WTROAD_PERV_0.8,morp
58,58,CANYON_HWR_0.8_HT_ROOF_0.8_THICK_ROOF_0.8_THICK_WALL_1.2_WTLUNIT_ROOF_0.8_WTROAD_PERV_1.2,morp
59,59,CANYON_HWR_0.8_HT_ROOF_0.8_THICK_ROOF_0.8_THICK_WALL_1.2_WTLUNIT_ROOF_0.8_WTROAD_PERV_0.8,morp
60,60,CANYON_HWR_0.8_HT_ROOF_0.8_THICK_ROOF_0.8_THICK_WALL_0.8_WTLUNIT_ROOF_1.2_WTROAD_PERV_1.2,morp
61,61,CANYON_HWR_0.8_HT_ROOF_0.8_THICK_ROOF_0.8_THICK_WALL_0.8_WTLUNIT_ROOF_1.2_WTROAD_PERV_0.8,morp
62,62,CANYON_HWR_0.8_HT_ROOF_0.8_THICK_ROOF_0.8_THICK_WALL_0.8_WTLUNIT_ROOF_0.8_WTROAD_PERV_1.2,morp
63,63,CANYON_HWR_0.8_HT_ROOF_0.8_THICK_ROOF_0.8_THICK_WALL_0.8_WTLUNIT_ROOF_0.8_WTROAD_PERV_0.8,morp
64,0,ALB_IMPROAD_DIF_1.2_ALB_PERROAD_DIF_1.2_ALB_ROOF_DIF_1.2_ALB_WALL_DIF_1.2_EM_IMPROAD_1.2_EM_PERROAD_1.2_EM_ROOF_1.2_EM_WALL_1.2,radi
65,1,ALB_IMPROAD_DIF_1.2_ALB_PERROAD_DIF_1.2_ALB_ROOF_DIF_1.2_ALB_WALL_DIF_1.2_EM_IMPROAD_1.2_EM_PERROAD_1.2_EM_ROOF_1.2_EM_WALL_0.8,radi
66,2,ALB_IMPROAD_DIF_1.2_ALB_PERROAD_DIF_1.2_ALB_ROOF_DIF_1.2_ALB_WALL_DIF_1.2_EM_IMPROAD_1.2_EM_PERROAD_1.2_EM_ROOF_0.8_EM_WALL_1.2,radi
67,3,ALB_IMPROAD_DIF_1.2_ALB_PERROAD_DIF_1.2_ALB_ROOF_DIF_1.2_ALB_WALL_DIF_1.2_EM_IMPROAD_1.2_EM_PERROAD_1.2_EM_ROOF_0.8_EM_WALL_0.8,radi
68,4,ALB_IMPROAD_DIF_1.2_ALB_PERROAD_DIF_1.2_ALB_ROOF_DIF_1.2_ALB_WALL_DIF_1.2_EM_IMPROAD_1.2_EM_PERROAD_0.8_EM_ROOF_1.2_EM_WALL_1.2,radi
69,5,ALB_IMPROAD_DIF_1.2_ALB_PERROAD_DIF_1.2_ALB_ROOF_DIF_1.2_ALB_WALL_DIF_1.2_EM_IMPROAD_1.2_EM_PERROAD_0.8_EM_ROOF_1.2_EM_WALL_0.8,radi
70,6,ALB_IMPROAD_DIF_1.2_ALB_PERROAD_DIF_1.2_ALB_ROOF_DIF_1.2_ALB_WALL_DIF_1.2_EM_IMPROAD_1.2_EM_PERROAD_0.8_EM_ROOF_0.8_EM_WALL_1.2,radi
71,7,ALB_IMPROAD_DIF_1.2_ALB_PERROAD_DIF_1.2_ALB_ROOF_DIF_1.2_ALB_WALL_DIF_1.2_EM_IMPROAD_1.2_EM_PERROAD_0.8_EM_ROOF_0.8_EM_WALL_0.8,radi
72,8,ALB_IMPROAD_DIF_1.2_ALB_PERROAD_DIF_1.2_ALB_ROOF_DIF_1.2_ALB_WALL_DIF_1.2_EM_IMPROAD_0.8_EM_PERROAD_1.2_EM_ROOF_1.2_EM_WALL_1.2,radi
73,9,ALB_IMPROAD_DIF_1.2_ALB_PERROAD_DIF_1.2_ALB_ROOF_DIF_1.2_ALB_WALL_DIF_1.2_EM_IMPROAD_0.8_EM_PERROAD_1.2_EM_ROOF_1.2_EM_WALL_0.8,radi
74,10,ALB_IMPROAD_DIF_1.2_ALB_PERROAD_DIF_1.2_ALB_ROOF_DIF_1.2_ALB_WALL_DIF_1.2_EM_IMPROAD_0.8_EM_PERROAD_1.2_EM_ROOF_0.8_EM_WALL_1.2,radi
75,11,ALB_IMPROAD_DIF_1.2_ALB_PERROAD_DIF_1.2_ALB_ROOF_DIF_1.2_ALB_WALL_DIF_1.2_EM_IMPROAD_0.8_EM_PERROAD_1.2_EM_ROOF_0.8_EM_WALL_0.8,radi
76,12,ALB_IMPROAD_DIF_1.2_ALB_PERROAD_DIF_1.2_ALB_ROOF_DIF_1.2_ALB_WALL_DIF_1.2_EM_IMPROAD_0.8_EM_PERROAD_0.8_EM_ROOF_1.2_EM_WALL_1.2,radi
77,13,ALB_IMPROAD_DIF_1.2_ALB_PERROAD_DIF_1.2_ALB_ROOF_DIF_1.2_ALB_WALL_DIF_1.2_EM_IMPROAD_0.8_EM_PERROAD_0.8_EM_ROOF_1.2_EM_WALL_0.8,radi
78,14,ALB_IMPROAD_DIF_1.2_ALB_PERROAD_DIF_1.2_ALB_ROOF_DIF_1.2_ALB_WALL_DIF_1.2_EM_IMPROAD_0.8_EM_PERROAD_0.8_EM_ROOF_0.8_EM_WALL_1.2,radi
79,15,ALB_IMPROAD_DIF_1.2_ALB_PERROAD_DIF_1.2_ALB_ROOF_DIF_1.2_ALB_WALL_DIF_1.2_EM_IMPROAD_0.8_EM_PERROAD_0.8_EM_ROOF_0.8_EM_WALL_0.8,radi
80,16,ALB_IMPROAD_DIF_1.2_ALB_PERROAD_DIF_1.2_ALB_ROOF_DIF_1.2_ALB_WALL_DIF_0.8_EM_IMPROAD_1.2_EM_PERROAD_1.2_EM_ROOF_1.2_EM_WALL_1.2,radi
81,17,ALB_IMPROAD_DIF_1.2_ALB_PERROAD_DIF_1.2_ALB_ROOF_DIF_1.2_ALB_WALL_DIF_0.8_EM_IMPROAD_1.2_EM_PERROAD_1.2_EM_ROOF_1.2_EM_WALL_0.8,radi
82,18,ALB_IMPROAD_DIF_1.2_ALB_PERROAD_DIF_1.2_ALB_ROOF_DIF_1.2_ALB_WALL_DIF_0.8_EM_IMPROAD_1.2_EM_PERROAD_1.2_EM_ROOF_0.8_EM_WALL_1.2,radi
83,19,ALB_IMPROAD_DIF_1.2_ALB_PERROAD_DIF_1.2_ALB_ROOF_DIF_1.2_ALB_WALL_DIF_0.8_EM_IMPROAD_1.2_EM_PERROAD_1.2_EM_ROOF_0.8_EM_WALL_0.8,radi
84,20,ALB_IMPROAD_DIF_1.2_ALB_PERROAD_DIF_1.2_ALB_ROOF_DIF_1.2_ALB_WALL_DIF_0.8_EM_IMPROAD_1.2_EM_PERROAD_0.8_EM_ROOF_1.2_EM_WALL_1.2,radi
85,21,ALB_IMPROAD_DIF_1.2_ALB_PERROAD_DIF_1.2_ALB_ROOF_DIF_1.2_ALB_WALL_DIF_0.8_EM_IMPROAD_1.2_EM_PERROAD_0.8_EM_ROOF_1.2_EM_WALL_0.8,radi
86,22,ALB_IMPROAD_DIF_1.2_ALB_PERROAD_DIF_1.2_ALB_ROOF_DIF_1.2_ALB_WALL_DIF_0.8_EM_IMPROAD_1.2_EM_PERROAD_0.8_EM_ROOF_0.8_EM_WALL_1.2,radi
87,23,ALB_IMPROAD_DIF_1.2_ALB_PERROAD_DIF_1.2_ALB_ROOF_DIF_1.2_ALB_WALL_DIF_0.8_EM_IMPROAD_1.2_EM_PERROAD_0.8_EM_ROOF_0.8_EM_WALL_0.8,radi
88,24,ALB_IMPROAD_DIF_1.2_ALB_PERROAD_DIF_1.2_ALB_ROOF_DIF_1.2_ALB_WALL_DIF_0.8_EM_IMPROAD_0.8_EM_PERROAD_1.2_EM_ROOF_1.2_EM_WALL_1.2,radi
89,25,ALB_IMPROAD_DIF_1.2_ALB_PERROAD_DIF_1.2_ALB_ROOF_DIF_1.2_ALB_WALL_DIF_0.8_EM_IMPROAD_0.8_EM_PERROAD_1.2_EM_ROOF_1.2_EM_WALL_0.8,radi
90,26,ALB_IMPROAD_DIF_1.2_ALB_PERROAD_DIF_1.2_ALB_ROOF_DIF_1.2_ALB_WALL_DIF_0.8_EM_IMPROAD_0.8_EM_PERROAD_1.2_EM_ROOF_0.8_EM_WALL_1.2,radi
91,27,ALB_IMPROAD_DIF_1.2_ALB_PERROAD_DIF_1.2_ALB_ROOF_DIF_1.2_ALB_WALL_DIF_0.8_EM_IMPROAD_0.8_EM_PERROAD_1.2_EM_ROOF_0.8_EM_WALL_0.8,radi
92,28,ALB_IMPROAD_DIF_1.2_ALB_PERROAD_DIF_1.2_ALB_ROOF_DIF_1.2_ALB_WALL_DIF_0.8_EM_IMPROAD_0.8_EM_PERROAD_0.8_EM_ROOF_1.2_EM_WALL_1.2,radi
93,29,ALB_IMPROAD_DIF_1.2_ALB_PERROAD_DIF_1.2_ALB_ROOF_DIF_1.2_ALB_WALL_DIF_0.8_EM_IMPROAD_0.8_EM_PERROAD_0.8_EM_ROOF_1.2_EM_WALL_0.8,radi
94,30,ALB_IMPROAD_DIF_1.2_ALB_PERROAD_DIF_1.2_ALB_ROOF_DIF_1.2_ALB_WALL_DIF_0.8_EM_IMPROAD_0.8_EM_PERROAD_0.8_EM_ROOF_0.8_EM_WALL_1.2,radi
95,31,ALB_IMPROAD_DIF_1.2_ALB_PERROAD_DIF_1.2_ALB_ROOF_DIF_1.2_ALB_WALL_DIF_0.8_EM_IMPROAD_0.8_EM_PERROAD_0.8_EM_ROOF_0.8_EM_WALL_0.8,radi
96,32,ALB_IMPROAD_DIF_1.2_ALB_PERROAD_DIF_1.2_ALB_ROOF_DIF_0.8_ALB_WALL_DIF_1.2_EM_IMPROAD_1.2_EM_PERROAD_1.2_EM_ROOF_1.2_EM_WALL_1.2,radi
97,33,ALB_IMPROAD_DIF_1.2_ALB_PERROAD_DIF_1.2_ALB_ROOF_DIF_0.8_ALB_WALL_DIF_1.2_EM_IMPROAD_1.2_EM_PERROAD_1.2_EM_ROOF_1.2_EM_WALL_0.8,radi
98,34,ALB_IMPROAD_DIF_1.2_ALB_PERROAD_DIF_1.2_ALB_ROOF_DIF_0.8_ALB_WALL_DIF_1.2_EM_IMPROAD_1.2_EM_PERROAD_1.2_EM_ROOF_0.8_EM_WALL_1.2,radi
99,35,ALB_IMPROAD_DIF_1.2_ALB_PERROAD_DIF_1.2_ALB_ROOF_DIF_0.8_ALB_WALL_DIF_1.2_EM_IMPROAD_1.2_EM_PERROAD_1.2_EM_ROOF_0.8_EM_WALL_0.8,radi
100,36,ALB_IMPROAD_DIF_1.2_ALB_PERROAD_DIF_1.2_ALB_ROOF_DIF_0.8_ALB_WALL_DIF_1.2_EM_IMPROAD_1.2_EM_PERROAD_0.8_EM_ROOF_1.2_EM_WALL_1.2,radi
101,37,ALB_IMPROAD_DIF_1.2_ALB_PERROAD_DIF_1.2_ALB_ROOF_DIF_0.8_ALB_WALL_DIF_1.2_EM_IMPROAD_1.2_EM_PERROAD_0.8_EM_ROOF_1.2_EM_WALL_0.8,radi
102,38,ALB_IMPROAD_DIF_1.2_ALB_PERROAD_DIF_1.2_ALB_ROOF_DIF_0.8_ALB_WALL_DIF_1.2_EM_IMPROAD_1.2_EM_PERROAD_0.8_EM_ROOF_0.8_EM_WALL_1.2,radi
103,39,ALB_IMPROAD_DIF_1.2_ALB_PERROAD_DIF_1.2_ALB_ROOF_DIF_0.8_ALB_WALL_DIF_1.2_EM_IMPROAD_1.2_EM_PERROAD_0.8_EM_ROOF_0.8_EM_WALL_0.8,radi
104,40,ALB_IMPROAD_DIF_1.2_ALB_PERROAD_DIF_1.2_ALB_ROOF_DIF_0.8_ALB_WALL_DIF_1.2_EM_IMPROAD_0.8_EM_PERROAD_1.2_EM_ROOF_1.2_EM_WALL_1.2,radi
105,41,ALB_IMPROAD_DIF_1.2_ALB_PERROAD_DIF_1.2_ALB_ROOF_DIF_0.8_ALB_WALL_DIF_1.2_EM_IMPROAD_0.8_EM_PERROAD_1.2_EM_ROOF_1.2_EM_WALL_0.8,radi
106,42,ALB_IMPROAD_DIF_1.2_ALB_PERROAD_DIF_1.2_ALB_ROOF_DIF_0.8_ALB_WALL_DIF_1.2_EM_IMPROAD_0.8_EM_PERROAD_1.2_EM_ROOF_0.8_EM_WALL_1.2,radi
107,43,ALB_IMPROAD_DIF_1.2_ALB_PERROAD_DIF_1.2_ALB_ROOF_DIF_0.8_ALB_WALL_DIF_1.2_EM_IMPROAD_0.8_EM_PERROAD_1.2_EM_ROOF_0.8_EM_WALL_0.8,radi
108,44,ALB_IMPROAD_DIF_1.2_ALB_PERROAD_DIF_1.2_ALB_ROOF_DIF_0.8_ALB_WALL_DIF_1.2_EM_IMPROAD_0.8_EM_PERROAD_0.8_EM_ROOF_1.2_EM_WALL_1.2,radi
109,45,ALB_IMPROAD_DIF_1.2_ALB_PERROAD_DIF_1.2_ALB_ROOF_DIF_0.8_ALB_WALL_DIF_1.2_EM_IMPROAD_0.8_EM_PERROAD_0.8_EM_ROOF_1.2_EM_WALL_0.8,radi
110,46,ALB_IMPROAD_DIF_1.2_ALB_PERROAD_DIF_1.2_ALB_ROOF_DIF_0.8_ALB_WALL_DIF_1.2_EM_IMPROAD_0.8_EM_PERROAD_0.8_EM_ROOF_0.8_EM_WALL_1.2,radi
111,47,ALB_IMPROAD_DIF_1.2_ALB_PERROAD_DIF_1.2_ALB_ROOF_DIF_0.8_ALB_WALL_DIF_1.2_EM_IMPROAD_0.8_EM_PERROAD_0.8_EM_ROOF_0.8_EM_WALL_0.8,radi
112,48,ALB_IMPROAD_DIF_1.2_ALB_PERROAD_DIF_1.2_ALB_ROOF_DIF_0.8_ALB_WALL_DIF_0.8_EM_IMPROAD_1.2_EM_PERROAD_1.2_EM_ROOF_1.2_EM_WALL_1.2,radi
113,49,ALB_IMPROAD_DIF_1.2_ALB_PERROAD_DIF_1.2_ALB_ROOF_DIF_0.8_ALB_WALL_DIF_0.8_EM_IMPROAD_1.2_EM_PERROAD_1.2_EM_ROOF_1.2_EM_WALL_0.8,radi
114,50,ALB_IMPROAD_DIF_1.2_ALB_PERROAD_DIF_1.2_ALB_ROOF_DIF_0.8_ALB_WALL_DIF_0.8_EM_IMPROAD_1.2_EM_PERROAD_1.2_EM_ROOF_0.8_EM_WALL_1.2,radi
115,51,ALB_IMPROAD_DIF_1.2_ALB_PERROAD_DIF_1.2_ALB_ROOF_DIF_0.8_ALB_WALL_DIF_0.8_EM_IMPROAD_1.2_EM_PERROAD_1.2_EM_ROOF_0.8_EM_WALL_0.8,radi
116,52,ALB_IMPROAD_DIF_1.2_ALB_PERROAD_DIF_1.2_ALB_ROOF_DIF_0.8_ALB_WALL_DIF_0.8_EM_IMPROAD_1.2_EM_PERROAD_0.8_EM_ROOF_1.2_EM_WALL_1.2,radi
117,53,ALB_IMPROAD_DIF_1.2_ALB_PERROAD_DIF_1.2_ALB_ROOF_DIF_0.8_ALB_WALL_DIF_0.8_EM_IMPROAD_1.2_EM_PERROAD_0.8_EM_ROOF_1.2_EM_WALL_0.8,radi
118,54,ALB_IMPROAD_DIF_1.2_ALB_PERROAD_DIF_1.2_ALB_ROOF_DIF_0.8_ALB_WALL_DIF_0.8_EM_IMPROAD_1.2_EM_PERROAD_0.8_EM_ROOF_0.8_EM_WALL_1.2,radi
119,55,ALB_IMPROAD_DIF_1.2_ALB_PERROAD_DIF_1.2_ALB_ROOF_DIF_0.8_ALB_WALL_DIF_0.8_EM_IMPROAD_1.2_EM_PERROAD_0.8_EM_ROOF_0.8_EM_WALL_0.8,radi
120,56,ALB_IMPROAD_DIF_1.2_ALB_PERROAD_DIF_1.2_ALB_ROOF_DIF_0.8_ALB_WALL_DIF_0.8_EM_IMPROAD_0.8_EM_PERROAD_1.2_EM_ROOF_1.2_EM_WALL_1.2,radi
121,57,ALB_IMPROAD_DIF_1.2_ALB_PERROAD_DIF_1.2_ALB_ROOF_DIF_0.8_ALB_WALL_DIF_0.8_EM_IMPROAD_0.8_EM_PERROAD_1.2_EM_ROOF_1.2_EM_WALL_0.8,radi
122,58,ALB_IMPROAD_DIF_1.2_ALB_PERROAD_DIF_1.2_ALB_ROOF_DIF_0.8_ALB_WALL_DIF_0.8_EM_IMPROAD_0.8_EM_PERROAD_1.2_EM_ROOF_0.8_EM_WALL_1.2,radi
123,59,ALB_IMPROAD_DIF_1.2_ALB_PERROAD_DIF_1.2_ALB_ROOF_DIF_0.8_ALB_WALL_DIF_0.8_EM_IMPROAD_0.8_EM_PERROAD_1.2_EM_ROOF_0.8_EM_WALL_0.8,radi
124,60,ALB_IMPROAD_DIF_1.2_ALB_PERROAD_DIF_1.2_ALB_ROOF_DIF_0.8_ALB_WALL_DIF_0.8_EM_IMPROAD_0.8_EM_PERROAD_0.8_EM_ROOF_1.2_EM_WALL_1.2,radi
125,61,ALB_IMPROAD_DIF_1.2_ALB_PERROAD_DIF_1.2_ALB_ROOF_DIF_0.8_ALB_WALL_DIF_0.8_EM_IMPROAD_0.8_EM_PERROAD_0.8_EM_ROOF_1.2_EM_WALL_0.8,radi
126,62,ALB_IMPROAD_DIF_1.2_ALB_PERROAD_DIF_1.2_ALB_ROOF_DIF_0.8_ALB_WALL_DIF_0.8_EM_IMPROAD_0.8_EM_PERROAD_0.8_EM_ROOF_0.8_EM_WALL_1.2,radi
127,63,ALB_IMPROAD_DIF_1.2_ALB_PERROAD_DIF_1.2_ALB_ROOF_DIF_0.8_ALB_WALL_DIF_0.8_EM_IMPROAD_0.8_EM_PERROAD_0.8_EM_ROOF_0.8_EM_WALL_0.8,radi
128,64,ALB_IMPROAD_DIF_1.2_ALB_PERROAD_DIF_0.8_ALB_ROOF_DIF_1.2_ALB_WALL_DIF_1.2_EM_IMPROAD_1.2_EM_PERROAD_1.2_EM_ROOF_1.2_EM_WALL_1.2,radi
129,65,ALB_IMPROAD_DIF_1.2_ALB_PERROAD_DIF_0.8_ALB_ROOF_DIF_1.2_ALB_WALL_DIF_1.2_EM_IMPROAD_1.2_EM_PERROAD_1.2_EM_ROOF_1.2_EM_WALL_0.8,radi
130,66,ALB_IMPROAD_DIF_1.2_ALB_PERROAD_DIF_0.8_ALB_ROOF_DIF_1.2_ALB_WALL_DIF_1.2_EM_IMPROAD_1.2_EM_PERROAD_1.2_EM_ROOF_0.8_EM_WALL_1.2,radi
131,67,ALB_IMPROAD_DIF_1.2_ALB_PERROAD_DIF_0.8_ALB_ROOF_DIF_1.2_ALB_WALL_DIF_1.2_EM_IMPROAD_1.2_EM_PERROAD_1.2_EM_ROOF_0.8_EM_WALL_0.8,radi
132,68,ALB_IMPROAD_DIF_1.2_ALB_PERROAD_DIF_0.8_ALB_ROOF_DIF_1.2_ALB_WALL_DIF_1.2_EM_IMPROAD_1.2_EM_PERROAD_0.8_EM_ROOF_1.2_EM_WALL_1.2,radi
133,69,ALB_IMPROAD_DIF_1.2_ALB_PERROAD_DIF_0.8_ALB_ROOF_DIF_1.2_ALB_WALL_DIF_1.2_EM_IMPROAD_1.2_EM_PERROAD_0.8_EM_ROOF_1.2_EM_WALL_0.8,radi
134,70,ALB_IMPROAD_DIF_1.2_ALB_PERROAD_DIF_0.8_ALB_ROOF_DIF_1.2_ALB_WALL_DIF_1.2_EM_IMPROAD_1.2_EM_PERROAD_0.8_EM_ROOF_0.8_EM_WALL_1.2,radi
135,71,ALB_IMPROAD_DIF_1.2_ALB_PERROAD_DIF_0.8_ALB_ROOF_DIF_1.2_ALB_WALL_DIF_1.2_EM_IMPROAD_1.2_EM_PERROAD_0.8_EM_ROOF_0.8_EM_WALL_0.8,radi
136,72,ALB_IMPROAD_DIF_1.2_ALB_PERROAD_DIF_0.8_ALB_ROOF_DIF_1.2_ALB_WALL_DIF_1.2_EM_IMPROAD_0.8_EM_PERROAD_1.2_EM_ROOF_1.2_EM_WALL_1.2,radi
137,73,ALB_IMPROAD_DIF_1.2_ALB_PERROAD_DIF_0.8_ALB_ROOF_DIF_1.2_ALB_WALL_DIF_1.2_EM_IMPROAD_0.8_EM_PERROAD_1.2_EM_ROOF_1.2_EM_WALL_0.8,radi
138,74,ALB_IMPROAD_DIF_1.2_ALB_PERROAD_DIF_0.8_ALB_ROOF_DIF_1.2_ALB_WALL_DIF_1.2_EM_IMPROAD_0.8_EM_PERROAD_1.2_EM_ROOF_0.8_EM_WALL_1.2,radi
139,75,ALB_IMPROAD_DIF_1.2_ALB_PERROAD_DIF_0.8_ALB_ROOF_DIF_1.2_ALB_WALL_DIF_1.2_EM_IMPROAD_0.8_EM_PERROAD_1.2_EM_ROOF_0.8_EM_WALL_0.8,radi
140,76,ALB_IMPROAD_DIF_1.2_ALB_PERROAD_DIF_0.8_ALB_ROOF_DIF_1.2_ALB_WALL_DIF_1.2_EM_IMPROAD_0.8_EM_PERROAD_0.8_EM_ROOF_1.2_EM_WALL_1.2,radi
141,77,ALB_IMPROAD_DIF_1.2_ALB_PERROAD_DIF_0.8_ALB_ROOF_DIF_1.2_ALB_WALL_DIF_1.2_EM_IMPROAD_0.8_EM_PERROAD_0.8_EM_ROOF_1.2_EM_WALL_0.8,radi
142,78,ALB_IMPROAD_DIF_1.2_ALB_PERROAD_DIF_0.8_ALB_ROOF_DIF_1.2_ALB_WALL_DIF_1.2_EM_IMPROAD_0.8_EM_PERROAD_0.8_EM_ROOF_0.8_EM_WALL_1.2,radi
143,79,ALB_IMPROAD_DIF_1.2_ALB_PERROAD_DIF_0.8_ALB_ROOF_DIF_1.2_ALB_WALL_DIF_1.2_EM_IMPROAD_0.8_EM_PERROAD_0.8_EM_ROOF_0.8_EM_WALL_0.8,radi
144,80,ALB_IMPROAD_DIF_1.2_ALB_PERROAD_DIF_0.8_ALB_ROOF_DIF_1.2_ALB_WALL_DIF_0.8_EM_IMPROAD_1.2_EM_PERROAD_1.2_EM_ROOF_1.2_EM_WALL_1.2,radi
145,81,ALB_IMPROAD_DIF_1.2_ALB_PERROAD_DIF_0.8_ALB_ROOF_DIF_1.2_ALB_WALL_DIF_0.8_EM_IMPROAD_1.2_EM_PERROAD_1.2_EM_ROOF_1.2_EM_WALL_0.8,radi
146,82,ALB_IMPROAD_DIF_1.2_ALB_PERROAD_DIF_0.8_ALB_ROOF_DIF_1.2_ALB_WALL_DIF_0.8_EM_IMPROAD_1.2_EM_PERROAD_1.2_EM_ROOF_0.8_EM_WALL_1.2,radi
147,83,ALB_IMPROAD_DIF_1.2_ALB_PERROAD_DIF_0.8_ALB_ROOF_DIF_1.2_ALB_WALL_DIF_0.8_EM_IMPROAD_1.2_EM_PERROAD_1.2_EM_ROOF_0.8_EM_WALL_0.8,radi
148,84,ALB_IMPROAD_DIF_1.2_ALB_PERROAD_DIF_0.8_ALB_ROOF_DIF_1.2_ALB_WALL_DIF_0.8_EM_IMPROAD_1.2_EM_PERROAD_0.8_EM_ROOF_1.2_EM_WALL_1.2,radi
149,85,ALB_IMPROAD_DIF_1.2_ALB_PERROAD_DIF_0.8_ALB_ROOF_DIF_1.2_ALB_WALL_DIF_0.8_EM_IMPROAD_1.2_EM_PERROAD_0.8_EM_ROOF_1.2_EM_WALL_0.8,radi
150,86,ALB_IMPROAD_DIF_1.2_ALB_PERROAD_DIF_0.8_ALB_ROOF_DIF_1.2_ALB_WALL_DIF_0.8_EM_IMPROAD_1.2_EM_PERROAD_0.8_EM_ROOF_0.8_EM_WALL_1.2,radi
151,87,ALB_IMPROAD_DIF_1.2_ALB_PERROAD_DIF_0.8_ALB_ROOF_DIF_1.2_ALB_WALL_DIF_0.8_EM_IMPROAD_1.2_EM_PERROAD_0.8_EM_ROOF_0.8_EM_WALL_0.8,radi
152,88,ALB_IMPROAD_DIF_1.2_ALB_PERROAD_DIF_0.8_ALB_ROOF_DIF_1.2_ALB_WALL_DIF_0.8_EM_IMPROAD_0.8_EM_PERROAD_1.2_EM_ROOF_1.2_EM_WALL_1.2,radi
153,89,ALB_IMPROAD_DIF_1.2_ALB_PERROAD_DIF_0.8_ALB_ROOF_DIF_1.2_ALB_WALL_DIF_0.8_EM_IMPROAD_0.8_EM_PERROAD_1.2_EM_ROOF_1.2_EM_WALL_0.8,radi
154,90,ALB_IMPROAD_DIF_1.2_ALB_PERROAD_DIF_0.8_ALB_ROOF_DIF_1.2_ALB_WALL_DIF_0.8_EM_IMPROAD_0.8_EM_PERROAD_1.2_EM_ROOF_0.8_EM_WALL_1.2,radi
155,91,ALB_IMPROAD_DIF_1.2_ALB_PERROAD_DIF_0.8_ALB_ROOF_DIF_1.2_ALB_WALL_DIF_0.8_EM_IMPROAD_0.8_EM_PERROAD_1.2_EM_ROOF_0.8_EM_WALL_0.8,radi
156,92,ALB_IMPROAD_DIF_1.2_ALB_PERROAD_DIF_0.8_ALB_ROOF_DIF_1.2_ALB_WALL_DIF_0.8_EM_IMPROAD_0.8_EM_PERROAD_0.8_EM_ROOF_1.2_EM_WALL_1.2,radi
157,93,ALB_IMPROAD_DIF_1.2_ALB_PERROAD_DIF_0.8_ALB_ROOF_DIF_1.2_ALB_WALL_DIF_0.8_EM_IMPROAD_0.8_EM_PERROAD_0.8_EM_ROOF_1.2_EM_WALL_0.8,radi
158,94,ALB_IMPROAD_DIF_1.2_ALB_PERROAD_DIF_0.8_ALB_ROOF_DIF_1.2_ALB_WALL_DIF_0.8_EM_IMPROAD_0.8_EM_PERROAD_0.8_EM_ROOF_0.8_EM_WALL_1.2,radi
159,95,ALB_IMPROAD_DIF_1.2_ALB_PERROAD_DIF_0.8_ALB_ROOF_DIF_1.2_ALB_WALL_DIF_0.8_EM_IMPROAD_0.8_EM_PERROAD_0.8_EM_ROOF_0.8_EM_WALL_0.8,radi
160,96,ALB_IMPROAD_DIF_1.2_ALB_PERROAD_DIF_0.8_ALB_ROOF_DIF_0.8_ALB_WALL_DIF_1.2_EM_IMPROAD_1.2_EM_PERROAD_1.2_EM_ROOF_1.2_EM_WALL_1.2,radi
161,97,ALB_IMPROAD_DIF_1.2_ALB_PERROAD_DIF_0.8_ALB_ROOF_DIF_0.8_ALB_WALL_DIF_1.2_EM_IMPROAD_1.2_EM_PERROAD_1.2_EM_ROOF_1.2_EM_WALL_0.8,radi
162,98,ALB_IMPROAD_DIF_1.2_ALB_PERROAD_DIF_0.8_ALB_ROOF_DIF_0.8_ALB_WALL_DIF_1.2_EM_IMPROAD_1.2_EM_PERROAD_1.2_EM_ROOF_0.8_EM_WALL_1.2,radi
163,99,ALB_IMPROAD_DIF_1.2_ALB_PERROAD_DIF_0.8_ALB_ROOF_DIF_0.8_ALB_WALL_DIF_1.2_EM_IMPROAD_1.2_EM_PERROAD_1.2_EM_ROOF_0.8_EM_WALL_0.8,radi
164,100,ALB_IMPROAD_DIF_1.2_ALB_PERROAD_DIF_0.8_ALB_ROOF_DIF_0.8_ALB_WALL_DIF_1.2_EM_IMPROAD_1.2_EM_PERROAD_0.8_EM_ROOF_1.2_EM_WALL_1.2,radi
165,101,ALB_IMPROAD_DIF_1.2_ALB_PERROAD_DIF_0.8_ALB_ROOF_DIF_0.8_ALB_WALL_DIF_1.2_EM_IMPROAD_1.2_EM_PERROAD_0.8_EM_ROOF_1.2_EM_WALL_0.8,radi
166,102,ALB_IMPROAD_DIF_1.2_ALB_PERROAD_DIF_0.8_ALB_ROOF_DIF_0.8_ALB_WALL_DIF_1.2_EM_IMPROAD_1.2_EM_PERROAD_0.8_EM_ROOF_0.8_EM_WALL_1.2,radi
167,103,ALB_IMPROAD_DIF_1.2_ALB_PERROAD_DIF_0.8_ALB_ROOF_DIF_0.8_ALB_WALL_DIF_1.2_EM_IMPROAD_1.2_EM_PERROAD_0.8_EM_ROOF_0.8_EM_WALL_0.8,radi
168,104,ALB_IMPROAD_DIF_1.2_ALB_PERROAD_DIF_0.8_ALB_ROOF_DIF_0.8_ALB_WALL_DIF_1.2_EM_IMPROAD_0.8_EM_PERROAD_1.2_EM_ROOF_1.2_EM_WALL_1.2,radi
169,105,ALB_IMPROAD_DIF_1.2_ALB_PERROAD_DIF_0.8_ALB_ROOF_DIF_0.8_ALB_WALL_DIF_1.2_EM_IMPROAD_0.8_EM_PERROAD_1.2_EM_ROOF_1.2_EM_WALL_0.8,radi
170,106,ALB_IMPROAD_DIF_1.2_ALB_PERROAD_DIF_0.8_ALB_ROOF_DIF_0.8_ALB_WALL_DIF_1.2_EM_IMPROAD_0.8_EM_PERROAD_1.2_EM_ROOF_0.8_EM_WALL_1.2,radi
171,107,ALB_IMPROAD_DIF_1.2_ALB_PERROAD_DIF_0.8_ALB_ROOF_DIF_0.8_ALB_WALL_DIF_1.2_EM_IMPROAD_0.8_EM_PERROAD_1.2_EM_ROOF_0.8_EM_WALL_0.8,radi
172,108,ALB_IMPROAD_DIF_1.2_ALB_PERROAD_DIF_0.8_ALB_ROOF_DIF_0.8_ALB_WALL_DIF_1.2_EM_IMPROAD_0.8_EM_PERROAD_0.8_EM_ROOF_1.2_EM_WALL_1.2,radi
173,109,ALB_IMPROAD_DIF_1.2_ALB_PERROAD_DIF_0.8_ALB_ROOF_DIF_0.8_ALB_WALL_DIF_1.2_EM_IMPROAD_0.8_EM_PERROAD_0.8_EM_ROOF_1.2_EM_WALL_0.8,radi
174,110,ALB_IMPROAD_DIF_1.2_ALB_PERROAD_DIF_0.8_ALB_ROOF_DIF_0.8_ALB_WALL_DIF_1.2_EM_IMPROAD_0.8_EM_PERROAD_0.8_EM_ROOF_0.8_EM_WALL_1.2,radi
175,111,ALB_IMPROAD_DIF_1.2_ALB_PERROAD_DIF_0.8_ALB_ROOF_DIF_0.8_ALB_WALL_DIF_1.2_EM_IMPROAD_0.8_EM_PERROAD_0.8_EM_ROOF_0.8_EM_WALL_0.8,radi
176,112,ALB_IMPROAD_DIF_1.2_ALB_PERROAD_DIF_0.8_ALB_ROOF_DIF_0.8_ALB_WALL_DIF_0.8_EM_IMPROAD_1.2_EM_PERROAD_1.2_EM_ROOF_1.2_EM_WALL_1.2,radi
177,113,ALB_IMPROAD_DIF_1.2_ALB_PERROAD_DIF_0.8_ALB_ROOF_DIF_0.8_ALB_WALL_DIF_0.8_EM_IMPROAD_1.2_EM_PERROAD_1.2_EM_ROOF_1.2_EM_WALL_0.8,radi
178,114,ALB_IMPROAD_DIF_1.2_ALB_PERROAD_DIF_0.8_ALB_ROOF_DIF_0.8_ALB_WALL_DIF_0.8_EM_IMPROAD_1.2_EM_PERROAD_1.2_EM_ROOF_0.8_EM_WALL_1.2,radi
179,115,ALB_IMPROAD_DIF_1.2_ALB_PERROAD_DIF_0.8_ALB_ROOF_DIF_0.8_ALB_WALL_DIF_0.8_EM_IMPROAD_1.2_EM_PERROAD_1.2_EM_ROOF_0.8_EM_WALL_0.8,radi
180,116,ALB_IMPROAD_DIF_1.2_ALB_PERROAD_DIF_0.8_ALB_ROOF_DIF_0.8_ALB_WALL_DIF_0.8_EM_IMPROAD_1.2_EM_PERROAD_0.8_EM_ROOF_1.2_EM_WALL_1.2,radi
181,117,ALB_IMPROAD_DIF_1.2_ALB_PERROAD_DIF_0.8_ALB_ROOF_DIF_0.8_ALB_WALL_DIF_0.8_EM_IMPROAD_1.2_EM_PERROAD_0.8_EM_ROOF_1.2_EM_WALL_0.8,radi
182,118,ALB_IMPROAD_DIF_1.2_ALB_PERROAD_DIF_0.8_ALB_ROOF_DIF_0.8_ALB_WALL_DIF_0.8_EM_IMPROAD_1.2_EM_PERROAD_0.8_EM_ROOF_0.8_EM_WALL_1.2,radi
183,119,ALB_IMPROAD_DIF_1.2_ALB_PERROAD_DIF_0.8_ALB_ROOF_DIF_0.8_ALB_WALL_DIF_0.8_EM_IMPROAD_1.2_EM_PERROAD_0.8_EM_ROOF_0.8_EM_WALL_0.8,radi
184,120,ALB_IMPROAD_DIF_1.2_ALB_PERROAD_DIF_0.8_ALB_ROOF_DIF_0.8_ALB_WALL_DIF_0.8_EM_IMPROAD_0.8_EM_PERROAD_1.2_EM_ROOF_1.2_EM_WALL_1.2,radi
185,121,ALB_IMPROAD_DIF_1.2_ALB_PERROAD_DIF_0.8_ALB_ROOF_DIF_0.8_ALB_WALL_DIF_0.8_EM_IMPROAD_0.8_EM_PERROAD_1.2_EM_ROOF_1.2_EM_WALL_0.8,radi
186,122,ALB_IMPROAD_DIF_1.2_ALB_PERROAD_DIF_0.8_ALB_ROOF_DIF_0.8_ALB_WALL_DIF_0.8_EM_IMPROAD_0.8_EM_PERROAD_1.2_EM_ROOF_0.8_EM_WALL_1.2,radi
187,123,ALB_IMPROAD_DIF_1.2_ALB_PERROAD_DIF_0.8_ALB_ROOF_DIF_0.8_ALB_WALL_DIF_0.8_EM_IMPROAD_0.8_EM_PERROAD_1.2_EM_ROOF_0.8_EM_WALL_0.8,radi
188,124,ALB_IMPROAD_DIF_1.2_ALB_PERROAD_DIF_0.8_ALB_ROOF_DIF_0.8_ALB_WALL_DIF_0.8_EM_IMPROAD_0.8_EM_PERROAD_0.8_EM_ROOF_1.2_EM_WALL_1.2,radi
189,125,ALB_IMPROAD_DIF_1.2_ALB_PERROAD_DIF_0.8_ALB_ROOF_DIF_0.8_ALB_WALL_DIF_0.8_EM_IMPROAD_0.8_EM_PERROAD_0.8_EM_ROOF_1.2_EM_WALL_0.8,radi
190,126,ALB_IMPROAD_DIF_1.2_ALB_PERROAD_DIF_0.8_ALB_ROOF_DIF_0.8_ALB_WALL_DIF_0.8_EM_IMPROAD_0.8_EM_PERROAD_0.8_EM_ROOF_0.8_EM_WALL_1.2,radi
191,127,ALB_IMPROAD_DIF_1.2_ALB_PERROAD_DIF_0.8_ALB_ROOF_DIF_0.8_ALB_WALL_DIF_0.8_EM_IMPROAD_0.8_EM_PERROAD_0.8_EM_ROOF_0.8_EM_WALL_0.8,radi
192,128,ALB_IMPROAD_DIF_0.8_ALB_PERROAD_DIF_1.2_ALB_ROOF_DIF_1.2_ALB_WALL_DIF_1.2_EM_IMPROAD_1.2_EM_PERROAD_1.2_EM_ROOF_1.2_EM_WALL_1.2,radi
193,129,ALB_IMPROAD_DIF_0.8_ALB_PERROAD_DIF_1.2_ALB_ROOF_DIF_1.2_ALB_WALL_DIF_1.2_EM_IMPROAD_1.2_EM_PERROAD_1.2_EM_ROOF_1.2_EM_WALL_0.8,radi
194,130,ALB_IMPROAD_DIF_0.8_ALB_PERROAD_DIF_1.2_ALB_ROOF_DIF_1.2_ALB_WALL_DIF_1.2_EM_IMPROAD_1.2_EM_PERROAD_1.2_EM_ROOF_0.8_EM_WALL_1.2,radi
195,131,ALB_IMPROAD_DIF_0.8_ALB_PERROAD_DIF_1.2_ALB_ROOF_DIF_1.2_ALB_WALL_DIF_1.2_EM_IMPROAD_1.2_EM_PERROAD_1.2_EM_ROOF_0.8_EM_WALL_0.8,radi
196,132,ALB_IMPROAD_DIF_0.8_ALB_PERROAD_DIF_1.2_ALB_ROOF_DIF_1.2_ALB_WALL_DIF_1.2_EM_IMPROAD_1.2_EM_PERROAD_0.8_EM_ROOF_1.2_EM_WALL_1.2,radi
197,133,ALB_IMPROAD_DIF_0.8_ALB_PERROAD_DIF_1.2_ALB_ROOF_DIF_1.2_ALB_WALL_DIF_1.2_EM_IMPROAD_1.2_EM_PERROAD_0.8_EM_ROOF_1.2_EM_WALL_0.8,radi
198,134,ALB_IMPROAD_DIF_0.8_ALB_PERROAD_DIF_1.2_ALB_ROOF_DIF_1.2_ALB_WALL_DIF_1.2_EM_IMPROAD_1.2_EM_PERROAD_0.8_EM_ROOF_0.8_EM_WALL_1.2,radi
199,135,ALB_IMPROAD_DIF_0.8_ALB_PERROAD_DIF_1.2_ALB_ROOF_DIF_1.2_ALB_WALL_DIF_1.2_EM_IMPROAD_1.2_EM_PERROAD_0.8_EM_ROOF_0.8_EM_WALL_0.8,radi
200,136,ALB_IMPROAD_DIF_0.8_ALB_PERROAD_DIF_1.2_ALB_ROOF_DIF_1.2_ALB_WALL_DIF_1.2_EM_IMPROAD_0.8_EM_PERROAD_1.2_EM_ROOF_1.2_EM_WALL_1.2,radi
201,137,ALB_IMPROAD_DIF_0.8_ALB_PERROAD_DIF_1.2_ALB_ROOF_DIF_1.2_ALB_WALL_DIF_1.2_EM_IMPROAD_0.8_EM_PERROAD_1.2_EM_ROOF_1.2_EM_WALL_0.8,radi
202,138,ALB_IMPROAD_DIF_0.8_ALB_PERROAD_DIF_1.2_ALB_ROOF_DIF_1.2_ALB_WALL_DIF_1.2_EM_IMPROAD_0.8_EM_PERROAD_1.2_EM_ROOF_0.8_EM_WALL_1.2,radi
203,139,ALB_IMPROAD_DIF_0.8_ALB_PERROAD_DIF_1.2_ALB_ROOF_DIF_1.2_ALB_WALL_DIF_1.2_EM_IMPROAD_0.8_EM_PERROAD_1.2_EM_ROOF_0.8_EM_WALL_0.8,radi
204,140,ALB_IMPROAD_DIF_0.8_ALB_PERROAD_DIF_1.2_ALB_ROOF_DIF_1.2_ALB_WALL_DIF_1.2_EM_IMPROAD_0.8_EM_PERROAD_0.8_EM_ROOF_1.2_EM_WALL_1.2,radi
205,141,ALB_IMPROAD_DIF_0.8_ALB_PERROAD_DIF_1.2_ALB_ROOF_DIF_1.2_ALB_WALL_DIF_1.2_EM_IMPROAD_0.8_EM_PERROAD_0.8_EM_ROOF_1.2_EM_WALL_0.8,radi
206,142,ALB_IMPROAD_DIF_0.8_ALB_PERROAD_DIF_1.2_ALB_ROOF_DIF_1.2_ALB_WALL_DIF_1.2_EM_IMPROAD_0.8_EM_PERROAD_0.8_EM_ROOF_0.8_EM_WALL_1.2,radi
207,143,ALB_IMPROAD_DIF_0.8_ALB_PERROAD_DIF_1.2_ALB_ROOF_DIF_1.2_ALB_WALL_DIF_1.2_EM_IMPROAD_0.8_EM_PERROAD_0.8_EM_ROOF_0.8_EM_WALL_0.8,radi
208,144,ALB_IMPROAD_DIF_0.8_ALB_PERROAD_DIF_1.2_ALB_ROOF_DIF_1.2_ALB_WALL_DIF_0.8_EM_IMPROAD_1.2_EM_PERROAD_1.2_EM_ROOF_1.2_EM_WALL_1.2,radi
209,145,ALB_IMPROAD_DIF_0.8_ALB_PERROAD_DIF_1.2_ALB_ROOF_DIF_1.2_ALB_WALL_DIF_0.8_EM_IMPROAD_1.2_EM_PERROAD_1.2_EM_ROOF_1.2_EM_WALL_0.8,radi
210,146,ALB_IMPROAD_DIF_0.8_ALB_PERROAD_DIF_1.2_ALB_ROOF_DIF_1.2_ALB_WALL_DIF_0.8_EM_IMPROAD_1.2_EM_PERROAD_1.2_EM_ROOF_0.8_EM_WALL_1.2,radi
211,147,ALB_IMPROAD_DIF_0.8_ALB_PERROAD_DIF_1.2_ALB_ROOF_DIF_1.2_ALB_WALL_DIF_0.8_EM_IMPROAD_1.2_EM_PERROAD_1.2_EM_ROOF_0.8_EM_WALL_0.8,radi
212,148,ALB_IMPROAD_DIF_0.8_ALB_PERROAD_DIF_1.2_ALB_ROOF_DIF_1.2_ALB_WALL_DIF_0.8_EM_IMPROAD_1.2_EM_PERROAD_0.8_EM_ROOF_1.2_EM_WALL_1.2,radi
213,149,ALB_IMPROAD_DIF_0.8_ALB_PERROAD_DIF_1.2_ALB_ROOF_DIF_1.2_ALB_WALL_DIF_0.8_EM_IMPROAD_1.2_EM_PERROAD_0.8_EM_ROOF_1.2_EM_WALL_0.8,radi
214,150,ALB_IMPROAD_DIF_0.8_ALB_PERROAD_DIF_1.2_ALB_ROOF_DIF_1.2_ALB_WALL_DIF_0.8_EM_IMPROAD_1.2_EM_PERROAD_0.8_EM_ROOF_0.8_EM_WALL_1.2,radi
215,151,ALB_IMPROAD_DIF_0.8_ALB_PERROAD_DIF_1.2_ALB_ROOF_DIF_1.2_ALB_WALL_DIF_0.8_EM_IMPROAD_1.2_EM_PERROAD_0.8_EM_ROOF_0.8_EM_WALL_0.8,radi
216,152,ALB_IMPROAD_DIF_0.8_ALB_PERROAD_DIF_1.2_ALB_ROOF_DIF_1.2_ALB_WALL_DIF_0.8_EM_IMPROAD_0.8_EM_PERROAD_1.2_EM_ROOF_1.2_EM_WALL_1.2,radi
217,153,ALB_IMPROAD_DIF_0.8_ALB_PERROAD_DIF_1.2_ALB_ROOF_DIF_1.2_ALB_WALL_DIF_0.8_EM_IMPROAD_0.8_EM_PERROAD_1.2_EM_ROOF_1.2_EM_WALL_0.8,radi
218,154,ALB_IMPROAD_DIF_0.8_ALB_PERROAD_DIF_1.2_ALB_ROOF_DIF_1.2_ALB_WALL_DIF_0.8_EM_IMPROAD_0.8_EM_PERROAD_1.2_EM_ROOF_0.8_EM_WALL_1.2,radi
219,155,ALB_IMPROAD_DIF_0.8_ALB_PERROAD_DIF_1.2_ALB_ROOF_DIF_1.2_ALB_WALL_DIF_0.8_EM_IMPROAD_0.8_EM_PERROAD_1.2_EM_ROOF_0.8_EM_WALL_0.8,radi
220,156,ALB_IMPROAD_DIF_0.8_ALB_PERROAD_DIF_1.2_ALB_ROOF_DIF_1.2_ALB_WALL_DIF_0.8_EM_IMPROAD_0.8_EM_PERROAD_0.8_EM_ROOF_1.2_EM_WALL_1.2,radi
221,157,ALB_IMPROAD_DIF_0.8_ALB_PERROAD_DIF_1.2_ALB_ROOF_DIF_1.2_ALB_WALL_DIF_0.8_EM_IMPROAD_0.8_EM_PERROAD_0.8_EM_ROOF_1.2_EM_WALL_0.8,radi
222,158,ALB_IMPROAD_DIF_0.8_ALB_PERROAD_DIF_1.2_ALB_ROOF_DIF_1.2_ALB_WALL_DIF_0.8_EM_IMPROAD_0.8_EM_PERROAD_0.8_EM_ROOF_0.8_EM_WALL_1.2,radi
223,159,ALB_IMPROAD_DIF_0.8_ALB_PERROAD_DIF_1.2_ALB_ROOF_DIF_1.2_ALB_WALL_DIF_0.8_EM_IMPROAD_0.8_EM_PERROAD_0.8_EM_ROOF_0.8_EM_WALL_0.8,radi
224,160,ALB_IMPROAD_DIF_0.8_ALB_PERROAD_DIF_1.2_ALB_ROOF_DIF_0.8_ALB_WALL_DIF_1.2_EM_IMPROAD_1.2_EM_PERROAD_1.2_EM_ROOF_1.2_EM_WALL_1.2,radi
225,161,ALB_IMPROAD_DIF_0.8_ALB_PERROAD_DIF_1.2_ALB_ROOF_DIF_0.8_ALB_WALL_DIF_1.2_EM_IMPROAD_1.2_EM_PERROAD_1.2_EM_ROOF_1.2_EM_WALL_0.8,radi
226,162,ALB_IMPROAD_DIF_0.8_ALB_PERROAD_DIF_1.2_ALB_ROOF_DIF_0.8_ALB_WALL_DIF_1.2_EM_IMPROAD_1.2_EM_PERROAD_1.2_EM_ROOF_0.8_EM_WALL_1.2,radi
227,163,ALB_IMPROAD_DIF_0.8_ALB_PERROAD_DIF_1.2_ALB_ROOF_DIF_0.8_ALB_WALL_DIF_1.2_EM_IMPROAD_1.2_EM_PERROAD_1.2_EM_ROOF_0.8_EM_WALL_0.8,radi
228,164,ALB_IMPROAD_DIF_0.8_ALB_PERROAD_DIF_1.2_ALB_ROOF_DIF_0.8_ALB_WALL_DIF_1.2_EM_IMPROAD_1.2_EM_PERROAD_0.8_EM_ROOF_1.2_EM_WALL_1.2,radi
229,165,ALB_IMPROAD_DIF_0.8_ALB_PERROAD_DIF_1.2_ALB_ROOF_DIF_0.8_ALB_WALL_DIF_1.2_EM_IMPROAD_1.2_EM_PERROAD_0.8_EM_ROOF_1.2_EM_WALL_0.8,radi
230,166,ALB_IMPROAD_DIF_0.8_ALB_PERROAD_DIF_1.2_ALB_ROOF_DIF_0.8_ALB_WALL_DIF_1.2_EM_IMPROAD_1.2_EM_PERROAD_0.8_EM_ROOF_0.8_EM_WALL_1.2,radi
231,167,ALB_IMPROAD_DIF_0.8_ALB_PERROAD_DIF_1.2_ALB_ROOF_DIF_0.8_ALB_WALL_DIF_1.2_EM_IMPROAD_1.2_EM_PERROAD_0.8_EM_ROOF_0.8_EM_WALL_0.8,radi
232,168,ALB_IMPROAD_DIF_0.8_ALB_PERROAD_DIF_1.2_ALB_ROOF_DIF_0.8_ALB_WALL_DIF_1.2_EM_IMPROAD_0.8_EM_PERROAD_1.2_EM_ROOF_1.2_EM_WALL_1.2,radi
233,169,ALB_IMPROAD_DIF_0.8_ALB_PERROAD_DIF_1.2_ALB_ROOF_DIF_0.8_ALB_WALL_DIF_1.2_EM_IMPROAD_0.8_EM_PERROAD_1.2_EM_ROOF_1.2_EM_WALL_0.8,radi
234,170,ALB_IMPROAD_DIF_0.8_ALB_PERROAD_DIF_1.2_ALB_ROOF_DIF_0.8_ALB_WALL_DIF_1.2_EM_IMPROAD_0.8_EM_PERROAD_1.2_EM_ROOF_0.8_EM_WALL_1.2,radi
235,171,ALB_IMPROAD_DIF_0.8_ALB_PERROAD_DIF_1.2_ALB_ROOF_DIF_0.8_ALB_WALL_DIF_1.2_EM_IMPROAD_0.8_EM_PERROAD_1.2_EM_ROOF_0.8_EM_WALL_0.8,radi
236,172,ALB_IMPROAD_DIF_0.8_ALB_PERROAD_DIF_1.2_ALB_ROOF_DIF_0.8_ALB_WALL_DIF_1.2_EM_IMPROAD_0.8_EM_PERROAD_0.8_EM_ROOF_1.2_EM_WALL_1.2,radi
237,173,ALB_IMPROAD_DIF_0.8_ALB_PERROAD_DIF_1.2_ALB_ROOF_DIF_0.8_ALB_WALL_DIF_1.2_EM_IMPROAD_0.8_EM_PERROAD_0.8_EM_ROOF_1.2_EM_WALL_0.8,radi
238,174,ALB_IMPROAD_DIF_0.8_ALB_PERROAD_DIF_1.2_ALB_ROOF_DIF_0.8_ALB_WALL_DIF_1.2_EM_IMPROAD_0.8_EM_PERROAD_0.8_EM_ROOF_0.8_EM_WALL_1.2,radi
239,175,ALB_IMPROAD_DIF_0.8_ALB_PERROAD_DIF_1.2_ALB_ROOF_DIF_0.8_ALB_WALL_DIF_1.2_EM_IMPROAD_0.8_EM_PERROAD_0.8_EM_ROOF_0.8_EM_WALL_0.8,radi
240,176,ALB_IMPROAD_DIF_0.8_ALB_PERROAD_DIF_1.2_ALB_ROOF_DIF_0.8_ALB_WALL_DIF_0.8_EM_IMPROAD_1.2_EM_PERROAD_1.2_EM_ROOF_1.2_EM_WALL_1.2,radi
241,177,ALB_IMPROAD_DIF_0.8_ALB_PERROAD_DIF_1.2_ALB_ROOF_DIF_0.8_ALB_WALL_DIF_0.8_EM_IMPROAD_1.2_EM_PERROAD_1.2_EM_ROOF_1.2_EM_WALL_0.8,radi
242,178,ALB_IMPROAD_DIF_0.8_ALB_PERROAD_DIF_1.2_ALB_ROOF_DIF_0.8_ALB_WALL_DIF_0.8_EM_IMPROAD_1.2_EM_PERROAD_1.2_EM_ROOF_0.8_EM_WALL_1.2,radi
243,179,ALB_IMPROAD_DIF_0.8_ALB_PERROAD_DIF_1.2_ALB_ROOF_DIF_0.8_ALB_WALL_DIF_0.8_EM_IMPROAD_1.2_EM_PERROAD_1.2_EM_ROOF_0.8_EM_WALL_0.8,radi
244,180,ALB_IMPROAD_DIF_0.8_ALB_PERROAD_DIF_1.2_ALB_ROOF_DIF_0.8_ALB_WALL_DIF_0.8_EM_IMPROAD_1.2_EM_PERROAD_0.8_EM_ROOF_1.2_EM_WALL_1.2,radi
245,181,ALB_IMPROAD_DIF_0.8_ALB_PERROAD_DIF_1.2_ALB_ROOF_DIF_0.8_ALB_WALL_DIF_0.8_EM_IMPROAD_1.2_EM_PERROAD_0.8_EM_ROOF_1.2_EM_WALL_0.8,radi
246,182,ALB_IMPROAD_DIF_0.8_ALB_PERROAD_DIF_1.2_ALB_ROOF_DIF_0.8_ALB_WALL_DIF_0.8_EM_IMPROAD_1.2_EM_PERROAD_0.8_EM_ROOF_0.8_EM_WALL_1.2,radi
247,183,ALB_IMPROAD_DIF_0.8_ALB_PERROAD_DIF_1.2_ALB_ROOF_DIF_0.8_ALB_WALL_DIF_0.8_EM_IMPROAD_1.2_EM_PERROAD_0.8_EM_ROOF_0.8_EM_WALL_0.8,radi
248,184,ALB_IMPROAD_DIF_0.8_ALB_PERROAD_DIF_1.2_ALB_ROOF_DIF_0.8_ALB_WALL_DIF_0.8_EM_IMPROAD_0.8_EM_PERROAD_1.2_EM_ROOF_1.2_EM_WALL_1.2,radi
249,185,ALB_IMPROAD_DIF_0.8_ALB_PERROAD_DIF_1.2_ALB_ROOF_DIF_0.8_ALB_WALL_DIF_0.8_EM_IMPROAD_0.8_EM_PERROAD_1.2_EM_ROOF_1.2_EM_WALL_0.8,radi
250,186,ALB_IMPROAD_DIF_0.8_ALB_PERROAD_DIF_1.2_ALB_ROOF_DIF_0.8_ALB_WALL_DIF_0.8_EM_IMPROAD_0.8_EM_PERROAD_1.2_EM_ROOF_0.8_EM_WALL_1.2,radi
251,187,ALB_IMPROAD_DIF_0.8_ALB_PERROAD_DIF_1.2_ALB_ROOF_DIF_0.8_ALB_WALL_DIF_0.8_EM_IMPROAD_0.8_EM_PERROAD_1.2_EM_ROOF_0.8_EM_WALL_0.8,radi
252,188,ALB_IMPROAD_DIF_0.8_ALB_PERROAD_DIF_1.2_ALB_ROOF_DIF_0.8_ALB_WALL_DIF_0.8_EM_IMPROAD_0.8_EM_PERROAD_0.8_EM_ROOF_1.2_EM_WALL_1.2,radi
253,189,ALB_IMPROAD_DIF_0.8_ALB_PERROAD_DIF_1.2_ALB_ROOF_DIF_0.8_ALB_WALL_DIF_0.8_EM_IMPROAD_0.8_EM_PERROAD_0.8_EM_ROOF_1.2_EM_WALL_0.8,radi
254,190,ALB_IMPROAD_DIF_0.8_ALB_PERROAD_DIF_1.2_ALB_ROOF_DIF_0.8_ALB_WALL_DIF_0.8_EM_IMPROAD_0.8_EM_PERROAD_0.8_EM_ROOF_0.8_EM_WALL_1.2,radi
255,191,ALB_IMPROAD_DIF_0.8_ALB_PERROAD_DIF_1.2_ALB_ROOF_DIF_0.8_ALB_WALL_DIF_0.8_EM_IMPROAD_0.8_EM_PERROAD_0.8_EM_ROOF_0.8_EM_WALL_0.8,radi
256,192,ALB_IMPROAD_DIF_0.8_ALB_PERROAD_DIF_0.8_ALB_ROOF_DIF_1.2_ALB_WALL_DIF_1.2_EM_IMPROAD_1.2_EM_PERROAD_1.2_EM_ROOF_1.2_EM_WALL_1.2,radi
257,193,ALB_IMPROAD_DIF_0.8_ALB_PERROAD_DIF_0.8_ALB_ROOF_DIF_1.2_ALB_WALL_DIF_1.2_EM_IMPROAD_1.2_EM_PERROAD_1.2_EM_ROOF_1.2_EM_WALL_0.8,radi
258,194,ALB_IMPROAD_DIF_0.8_ALB_PERROAD_DIF_0.8_ALB_ROOF_DIF_1.2_ALB_WALL_DIF_1.2_EM_IMPROAD_1.2_EM_PERROAD_1.2_EM_ROOF_0.8_EM_WALL_1.2,radi
259,195,ALB_IMPROAD_DIF_0.8_ALB_PERROAD_DIF_0.8_ALB_ROOF_DIF_1.2_ALB_WALL_DIF_1.2_EM_IMPROAD_1.2_EM_PERROAD_1.2_EM_ROOF_0.8_EM_WALL_0.8,radi
260,196,ALB_IMPROAD_DIF_0.8_ALB_PERROAD_DIF_0.8_ALB_ROOF_DIF_1.2_ALB_WALL_DIF_1.2_EM_IMPROAD_1.2_EM_PERROAD_0.8_EM_ROOF_1.2_EM_WALL_1.2,radi
261,197,ALB_IMPROAD_DIF_0.8_ALB_PERROAD_DIF_0.8_ALB_ROOF_DIF_1.2_ALB_WALL_DIF_1.2_EM_IMPROAD_1.2_EM_PERROAD_0.8_EM_ROOF_1.2_EM_WALL_0.8,radi
262,198,ALB_IMPROAD_DIF_0.8_ALB_PERROAD_DIF_0.8_ALB_ROOF_DIF_1.2_ALB_WALL_DIF_1.2_EM_IMPROAD_1.2_EM_PERROAD_0.8_EM_ROOF_0.8_EM_WALL_1.2,radi
263,199,ALB_IMPROAD_DIF_0.8_ALB_PERROAD_DIF_0.8_ALB_ROOF_DIF_1.2_ALB_WALL_DIF_1.2_EM_IMPROAD_1.2_EM_PERROAD_0.8_EM_ROOF_0.8_EM_WALL_0.8,radi
264,200,ALB_IMPROAD_DIF_0.8_ALB_PERROAD_DIF_0.8_ALB_ROOF_DIF_1.2_ALB_WALL_DIF_1.2_EM_IMPROAD_0.8_EM_PERROAD_1.2_EM_ROOF_1.2_EM_WALL_1.2,radi
265,201,ALB_IMPROAD_DIF_0.8_ALB_PERROAD_DIF_0.8_ALB_ROOF_DIF_1.2_ALB_WALL_DIF_1.2_EM_IMPROAD_0.8_EM_PERROAD_1.2_EM_ROOF_1.2_EM_WALL_0.8,radi
266,202,ALB_IMPROAD_DIF_0.8_ALB_PERROAD_DIF_0.8_ALB_ROOF_DIF_1.2_ALB_WALL_DIF_1.2_EM_IMPROAD_0.8_EM_PERROAD_1.2_EM_ROOF_0.8_EM_WALL_1.2,radi
267,203,ALB_IMPROAD_DIF_0.8_ALB_PERROAD_DIF_0.8_ALB_ROOF_DIF_1.2_ALB_WALL_DIF_1.2_EM_IMPROAD_0.8_EM_PERROAD_1.2_EM_ROOF_0.8_EM_WALL_0.8,radi
268,204,ALB_IMPROAD_DIF_0.8_ALB_PERROAD_DIF_0.8_ALB_ROOF_DIF_1.2_ALB_WALL_DIF_1.2_EM_IMPROAD_0.8_EM_PERROAD_0.8_EM_ROOF_1.2_EM_WALL_1.2,radi
269,205,ALB_IMPROAD_DIF_0.8_ALB_PERROAD_DIF_0.8_ALB_ROOF_DIF_1.2_ALB_WALL_DIF_1.2_EM_IMPROAD_0.8_EM_PERROAD_0.8_EM_ROOF_1.2_EM_WALL_0.8,radi
270,206,ALB_IMPROAD_DIF_0.8_ALB_PERROAD_DIF_0.8_ALB_ROOF_DIF_1.2_ALB_WALL_DIF_1.2_EM_IMPROAD_0.8_EM_PERROAD_0.8_EM_ROOF_0.8_EM_WALL_1.2,radi
271,207,ALB_IMPROAD_DIF_0.8_ALB_PERROAD_DIF_0.8_ALB_ROOF_DIF_1.2_ALB_WALL_DIF_1.2_EM_IMPROAD_0.8_EM_PERROAD_0.8_EM_ROOF_0.8_EM_WALL_0.8,radi
272,208,ALB_IMPROAD_DIF_0.8_ALB_PERROAD_DIF_0.8_ALB_ROOF_DIF_1.2_ALB_WALL_DIF_0.8_EM_IMPROAD_1.2_EM_PERROAD_1.2_EM_ROOF_1.2_EM_WALL_1.2,radi
273,209,ALB_IMPROAD_DIF_0.8_ALB_PERROAD_DIF_0.8_ALB_ROOF_DIF_1.2_ALB_WALL_DIF_0.8_EM_IMPROAD_1.2_EM_PERROAD_1.2_EM_ROOF_1.2_EM_WALL_0.8,radi
274,210,ALB_IMPROAD_DIF_0.8_ALB_PERROAD_DIF_0.8_ALB_ROOF_DIF_1.2_ALB_WALL_DIF_0.8_EM_IMPROAD_1.2_EM_PERROAD_1.2_EM_ROOF_0.8_EM_WALL_1.2,radi
275,211,ALB_IMPROAD_DIF_0.8_ALB_PERROAD_DIF_0.8_ALB_ROOF_DIF_1.2_ALB_WALL_DIF_0.8_EM_IMPROAD_1.2_EM_PERROAD_1.2_EM_ROOF_0.8_EM_WALL_0.8,radi
276,212,ALB_IMPROAD_DIF_0.8_ALB_PERROAD_DIF_0.8_ALB_ROOF_DIF_1.2_ALB_WALL_DIF_0.8_EM_IMPROAD_1.2_EM_PERROAD_0.8_EM_ROOF_1.2_EM_WALL_1.2,radi
277,213,ALB_IMPROAD_DIF_0.8_ALB_PERROAD_DIF_0.8_ALB_ROOF_DIF_1.2_ALB_WALL_DIF_0.8_EM_IMPROAD_1.2_EM_PERROAD_0.8_EM_ROOF_1.2_EM_WALL_0.8,radi
278,214,ALB_IMPROAD_DIF_0.8_ALB_PERROAD_DIF_0.8_ALB_ROOF_DIF_1.2_ALB_WALL_DIF_0.8_EM_IMPROAD_1.2_EM_PERROAD_0.8_EM_ROOF_0.8_EM_WALL_1.2,radi
279,215,ALB_IMPROAD_DIF_0.8_ALB_PERROAD_DIF_0.8_ALB_ROOF_DIF_1.2_ALB_WALL_DIF_0.8_EM_IMPROAD_1.2_EM_PERROAD_0.8_EM_ROOF_0.8_EM_WALL_0.8,radi
280,216,ALB_IMPROAD_DIF_0.8_ALB_PERROAD_DIF_0.8_ALB_ROOF_DIF_1.2_ALB_WALL_DIF_0.8_EM_IMPROAD_0.8_EM_PERROAD_1.2_EM_ROOF_1.2_EM_WALL_1.2,radi
281,217,ALB_IMPROAD_DIF_0.8_ALB_PERROAD_DIF_0.8_ALB_ROOF_DIF_1.2_ALB_WALL_DIF_0.8_EM_IMPROAD_0.8_EM_PERROAD_1.2_EM_ROOF_1.2_EM_WALL_0.8,radi
282,218,ALB_IMPROAD_DIF_0.8_ALB_PERROAD_DIF_0.8_ALB_ROOF_DIF_1.2_ALB_WALL_DIF_0.8_EM_IMPROAD_0.8_EM_PERROAD_1.2_EM_ROOF_0.8_EM_WALL_1.2,radi
283,219,ALB_IMPROAD_DIF_0.8_ALB_PERROAD_DIF_0.8_ALB_ROOF_DIF_1.2_ALB_WALL_DIF_0.8_EM_IMPROAD_0.8_EM_PERROAD_1.2_EM_ROOF_0.8_EM_WALL_0.8,radi
284,220,ALB_IMPROAD_DIF_0.8_ALB_PERROAD_DIF_0.8_ALB_ROOF_DIF_1.2_ALB_WALL_DIF_0.8_EM_IMPROAD_0.8_EM_PERROAD_0.8_EM_ROOF_1.2_EM_WALL_1.2,radi
285,221,ALB_IMPROAD_DIF_0.8_ALB_PERROAD_DIF_0.8_ALB_ROOF_DIF_1.2_ALB_WALL_DIF_0.8_EM_IMPROAD_0.8_EM_PERROAD_0.8_EM_ROOF_1.2_EM_WALL_0.8,radi
286,222,ALB_IMPROAD_DIF_0.8_ALB_PERROAD_DIF_0.8_ALB_ROOF_DIF_1.2_ALB_WALL_DIF_0.8_EM_IMPROAD_0.8_EM_PERROAD_0.8_EM_ROOF_0.8_EM_WALL_1.2,radi
287,223,ALB_IMPROAD_DIF_0.8_ALB_PERROAD_DIF_0.8_ALB_ROOF_DIF_1.2_ALB_WALL_DIF_0.8_EM_IMPROAD_0.8_EM_PERROAD_0.8_EM_ROOF_0.8_EM_WALL_0.8,radi
288,224,ALB_IMPROAD_DIF_0.8_ALB_PERROAD_DIF_0.8_ALB_ROOF_DIF_0.8_ALB_WALL_DIF_1.2_EM_IMPROAD_1.2_EM_PERROAD_1.2_EM_ROOF_1.2_EM_WALL_1.2,radi
289,225,ALB_IMPROAD_DIF_0.8_ALB_PERROAD_DIF_0.8_ALB_ROOF_DIF_0.8_ALB_WALL_DIF_1.2_EM_IMPROAD_1.2_EM_PERROAD_1.2_EM_ROOF_1.2_EM_WALL_0.8,radi
290,226,ALB_IMPROAD_DIF_0.8_ALB_PERROAD_DIF_0.8_ALB_ROOF_DIF_0.8_ALB_WALL_DIF_1.2_EM_IMPROAD_1.2_EM_PERROAD_1.2_EM_ROOF_0.8_EM_WALL_1.2,radi
291,227,ALB_IMPROAD_DIF_0.8_ALB_PERROAD_DIF_0.8_ALB_ROOF_DIF_0.8_ALB_WALL_DIF_1.2_EM_IMPROAD_1.2_EM_PERROAD_1.2_EM_ROOF_0.8_EM_WALL_0.8,radi
292,228,ALB_IMPROAD_DIF_0.8_ALB_PERROAD_DIF_0.8_ALB_ROOF_DIF_0.8_ALB_WALL_DIF_1.2_EM_IMPROAD_1.2_EM_PERROAD_0.8_EM_ROOF_1.2_EM_WALL_1.2,radi
293,229,ALB_IMPROAD_DIF_0.8_ALB_PERROAD_DIF_0.8_ALB_ROOF_DIF_0.8_ALB_WALL_DIF_1.2_EM_IMPROAD_1.2_EM_PERROAD_0.8_EM_ROOF_1.2_EM_WALL_0.8,radi
294,230,ALB_IMPROAD_DIF_0.8_ALB_PERROAD_DIF_0.8_ALB_ROOF_DIF_0.8_ALB_WALL_DIF_1.2_EM_IMPROAD_1.2_EM_PERROAD_0.8_EM_ROOF_0.8_EM_WALL_1.2,radi
295,231,ALB_IMPROAD_DIF_0.8_ALB_PERROAD_DIF_0.8_ALB_ROOF_DIF_0.8_ALB_WALL_DIF_1.2_EM_IMPROAD_1.2_EM_PERROAD_0.8_EM_ROOF_0.8_EM_WALL_0.8,radi
296,232,ALB_IMPROAD_DIF_0.8_ALB_PERROAD_DIF_0.8_ALB_ROOF_DIF_0.8_ALB_WALL_DIF_1.2_EM_IMPROAD_0.8_EM_PERROAD_1.2_EM_ROOF_1.2_EM_WALL_1.2,radi
297,233,ALB_IMPROAD_DIF_0.8_ALB_PERROAD_DIF_0.8_ALB_ROOF_DIF_0.8_ALB_WALL_DIF_1.2_EM_IMPROAD_0.8_EM_PERROAD_1.2_EM_ROOF_1.2_EM_WALL_0.8,radi
298,234,ALB_IMPROAD_DIF_0.8_ALB_PERROAD_DIF_0.8_ALB_ROOF_DIF_0.8_ALB_WALL_DIF_1.2_EM_IMPROAD_0.8_EM_PERROAD_1.2_EM_ROOF_0.8_EM_WALL_1.2,radi
299,235,ALB_IMPROAD_DIF_0.8_ALB_PERROAD_DIF_0.8_ALB_ROOF_DIF_0.8_ALB_WALL_DIF_1.2_EM_IMPROAD_0.8_EM_PERROAD_1.2_EM_ROOF_0.8_EM_WALL_0.8,radi
300,236,ALB_IMPROAD_DIF_0.8_ALB_PERROAD_DIF_0.8_ALB_ROOF_DIF_0.8_ALB_WALL_DIF_1.2_EM_IMPROAD_0.8_EM_PERROAD_0.8_EM_ROOF_1.2_EM_WALL_1.2,radi
301,237,ALB_IMPROAD_DIF_0.8_ALB_PERROAD_DIF_0.8_ALB_ROOF_DIF_0.8_ALB_WALL_DIF_1.2_EM_IMPROAD_0.8_EM_PERROAD_0.8_EM_ROOF_1.2_EM_WALL_0.8,radi
302,238,ALB_IMPROAD_DIF_0.8_ALB_PERROAD_DIF_0.8_ALB_ROOF_DIF_0.8_ALB_WALL_DIF_1.2_EM_IMPROAD_0.8_EM_PERROAD_0.8_EM_ROOF_0.8_EM_WALL_1.2,radi
303,239,ALB_IMPROAD_DIF_0.8_ALB_PERROAD_DIF_0.8_ALB_ROOF_DIF_0.8_ALB_WALL_DIF_1.2_EM_IMPROAD_0.8_EM_PERROAD_0.8_EM_ROOF_0.8_EM_WALL_0.8,radi
304,240,ALB_IMPROAD_DIF_0.8_ALB_PERROAD_DIF_0.8_ALB_ROOF_DIF_0.8_ALB_WALL_DIF_0.8_EM_IMPROAD_1.2_EM_PERROAD_1.2_EM_ROOF_1.2_EM_WALL_1.2,radi
305,241,ALB_IMPROAD_DIF_0.8_ALB_PERROAD_DIF_0.8_ALB_ROOF_DIF_0.8_ALB_WALL_DIF_0.8_EM_IMPROAD_1.2_EM_PERROAD_1.2_EM_ROOF_1.2_EM_WALL_0.8,radi
306,242,ALB_IMPROAD_DIF_0.8_ALB_PERROAD_DIF_0.8_ALB_ROOF_DIF_0.8_ALB_WALL_DIF_0.8_EM_IMPROAD_1.2_EM_PERROAD_1.2_EM_ROOF_0.8_EM_WALL_1.2,radi
307,243,ALB_IMPROAD_DIF_0.8_ALB_PERROAD_DIF_0.8_ALB_ROOF_DIF_0.8_ALB_WALL_DIF_0.8_EM_IMPROAD_1.2_EM_PERROAD_1.2_EM_ROOF_0.8_EM_WALL_0.8,radi
308,244,ALB_IMPROAD_DIF_0.8_ALB_PERROAD_DIF_0.8_ALB_ROOF_DIF_0.8_ALB_WALL_DIF_0.8_EM_IMPROAD_1.2_EM_PERROAD_0.8_EM_ROOF_1.2_EM_WALL_1.2,radi
309,245,ALB_IMPROAD_DIF_0.8_ALB_PERROAD_DIF_0.8_ALB_ROOF_DIF_0.8_ALB_WALL_DIF_0.8_EM_IMPROAD_1.2_EM_PERROAD_0.8_EM_ROOF_1.2_EM_WALL_0.8,radi
310,246,ALB_IMPROAD_DIF_0.8_ALB_PERROAD_DIF_0.8_ALB_ROOF_DIF_0.8_ALB_WALL_DIF_0.8_EM_IMPROAD_1.2_EM_PERROAD_0.8_EM_ROOF_0.8_EM_WALL_1.2,radi
311,247,ALB_IMPROAD_DIF_0.8_ALB_PERROAD_DIF_0.8_ALB_ROOF_DIF_0.8_ALB_WALL_DIF_0.8_EM_IMPROAD_1.2_EM_PERROAD_0.8_EM_ROOF_0.8_EM_WALL_0.8,radi
312,248,ALB_IMPROAD_DIF_0.8_ALB_PERROAD_DIF_0.8_ALB_ROOF_DIF_0.8_ALB_WALL_DIF_0.8_EM_IMPROAD_0.8_EM_PERROAD_1.2_EM_ROOF_1.2_EM_WALL_1.2,radi
313,249,ALB_IMPROAD_DIF_0.8_ALB_PERROAD_DIF_0.8_ALB_ROOF_DIF_0.8_ALB_WALL_DIF_0.8_EM_IMPROAD_0.8_EM_PERROAD_1.2_EM_ROOF_1.2_EM_WALL_0.8,radi
314,250,ALB_IMPROAD_DIF_0.8_ALB_PERROAD_DIF_0.8_ALB_ROOF_DIF_0.8_ALB_WALL_DIF_0.8_EM_IMPROAD_0.8_EM_PERROAD_1.2_EM_ROOF_0.8_EM_WALL_1.2,radi
315,251,ALB_IMPROAD_DIF_0.8_ALB_PERROAD_DIF_0.8_ALB_ROOF_DIF_0.8_ALB_WALL_DIF_0.8_EM_IMPROAD_0.8_EM_PERROAD_1.2_EM_ROOF_0.8_EM_WALL_0.8,radi
316,252,ALB_IMPROAD_DIF_0.8_ALB_PERROAD_DIF_0.8_ALB_ROOF_DIF_0.8_ALB_WALL_DIF_0.8_EM_IMPROAD_0.8_EM_PERROAD_0.8_EM_ROOF_1.2_EM_WALL_1.2,radi
317,253,ALB_IMPROAD_DIF_0.8_ALB_PERROAD_DIF_0.8_ALB_ROOF_DIF_0.8_ALB_WALL_DIF_0.8_EM_IMPROAD_0.8_EM_PERROAD_0.8_EM_ROOF_1.2_EM_WALL_0.8,radi
318,254,ALB_IMPROAD_DIF_0.8_ALB_PERROAD_DIF_0.8_ALB_ROOF_DIF_0.8_ALB_WALL_DIF_0.8_EM_IMPROAD_0.8_EM_PERROAD_0.8_EM_ROOF_0.8_EM_WALL_1.2,radi
319,255,ALB_IMPROAD_DIF_0.8_ALB_PERROAD_DIF_0.8_ALB_ROOF_DIF_0.8_ALB_WALL_DIF_0.8_EM_IMPROAD_0.8_EM_PERROAD_0.8_EM_ROOF_0.8_EM_WALL_0.8,radi
320,0,TK_IMPROAD_1.2_TK_ROOF_1.2_TK_WALL_1.2_CV_ROOF_1.2_CV_WALL_1.2_CV_IMPROAD_1.2,ther
321,1,TK_IMPROAD_1.2_TK_ROOF_1.2_TK_WALL_1.2_CV_ROOF_1.2_CV_WALL_1.2_CV_IMPROAD_0.8,ther
322,2,TK_IMPROAD_1.2_TK_ROOF_1.2_TK_WALL_1.2_CV_ROOF_1.2_CV_WALL_0.8_CV_IMPROAD_1.2,ther
323,3,TK_IMPROAD_1.2_TK_ROOF_1.2_TK_WALL_1.2_CV_ROOF_1.2_CV_WALL_0.8_CV_IMPROAD_0.8,ther
324,4,TK_IMPROAD_1.2_TK_ROOF_1.2_TK_WALL_1.2_CV_ROOF_0.8_CV_WALL_1.2_CV_IMPROAD_1.2,ther
325,5,TK_IMPROAD_1.2_TK_ROOF_1.2_TK_WALL_1.2_CV_ROOF_0.8_CV_WALL_1.2_CV_IMPROAD_0.8,ther
326,6,TK_IMPROAD_1.2_TK_ROOF_1.2_TK_WALL_1.2_CV_ROOF_0.8_CV_WALL_0.8_CV_IMPROAD_1.2,ther
327,7,TK_IMPROAD_1.2_TK_ROOF_1.2_TK_WALL_1.2_CV_ROOF_0.8_CV_WALL_0.8_CV_IMPROAD_0.8,ther
328,8,TK_IMPROAD_1.2_TK_ROOF_1.2_TK_WALL_0.8_CV_ROOF_1.2_CV_WALL_1.2_CV_IMPROAD_1.2,ther
329,9,TK_IMPROAD_1.2_TK_ROOF_1.2_TK_WALL_0.8_CV_ROOF_1.2_CV_WALL_1.2_CV_IMPROAD_0.8,ther
330,10,TK_IMPROAD_1.2_TK_ROOF_1.2_TK_WALL_0.8_CV_ROOF_1.2_CV_WALL_0.8_CV_IMPROAD_1.2,ther
331,11,TK_IMPROAD_1.2_TK_ROOF_1.2_TK_WALL_0.8_CV_ROOF_1.2_CV_WALL_0.8_CV_IMPROAD_0.8,ther
332,12,TK_IMPROAD_1.2_TK_ROOF_1.2_TK_WALL_0.8_CV_ROOF_0.8_CV_WALL_1.2_CV_IMPROAD_1.2,ther
333,13,TK_IMPROAD_1.2_TK_ROOF_1.2_TK_WALL_0.8_CV_ROOF_0.8_CV_WALL_1.2_CV_IMPROAD_0.8,ther
334,14,TK_IMPROAD_1.2_TK_ROOF_1.2_TK_WALL_0.8_CV_ROOF_0.8_CV_WALL_0.8_CV_IMPROAD_1.2,ther
335,15,TK_IMPROAD_1.2_TK_ROOF_1.2_TK_WALL_0.8_CV_ROOF_0.8_CV_WALL_0.8_CV_IMPROAD_0.8,ther
336,16,TK_IMPROAD_1.2_TK_ROOF_0.8_TK_WALL_1.2_CV_ROOF_1.2_CV_WALL_1.2_CV_IMPROAD_1.2,ther
337,17,TK_IMPROAD_1.2_TK_ROOF_0.8_TK_WALL_1.2_CV_ROOF_1.2_CV_WALL_1.2_CV_IMPROAD_0.8,ther
338,18,TK_IMPROAD_1.2_TK_ROOF_0.8_TK_WALL_1.2_CV_ROOF_1.2_CV_WALL_0.8_CV_IMPROAD_1.2,ther
339,19,TK_IMPROAD_1.2_TK_ROOF_0.8_TK_WALL_1.2_CV_ROOF_1.2_CV_WALL_0.8_CV_IMPROAD_0.8,ther
340,20,TK_IMPROAD_1.2_TK_ROOF_0.8_TK_WALL_1.2_CV_ROOF_0.8_CV_WALL_1.2_CV_IMPROAD_1.2,ther
341,21,TK_IMPROAD_1.2_TK_ROOF_0.8_TK_WALL_1.2_CV_ROOF_0.8_CV_WALL_1.2_CV_IMPROAD_0.8,ther
342,22,TK_IMPROAD_1.2_TK_ROOF_0.8_TK_WALL_1.2_CV_ROOF_0.8_CV_WALL_0.8_CV_IMPROAD_1.2,ther
343,23,TK_IMPROAD_1.2_TK_ROOF_0.8_TK_WALL_1.2_CV_ROOF_0.8_CV_WALL_0.8_CV_IMPROAD_0.8,ther
344,24,TK_IMPROAD_1.2_TK_ROOF_0.8_TK_WALL_0.8_CV_ROOF_1.2_CV_WALL_1.2_CV_IMPROAD_1.2,ther
345,25,TK_IMPROAD_1.2_TK_ROOF_0.8_TK_WALL_0.8_CV_ROOF_1.2_CV_WALL_1.2_CV_IMPROAD_0.8,ther
346,26,TK_IMPROAD_1.2_TK_ROOF_0.8_TK_WALL_0.8_CV_ROOF_1.2_CV_WALL_0.8_CV_IMPROAD_1.2,ther
347,27,TK_IMPROAD_1.2_TK_ROOF_0.8_TK_WALL_0.8_CV_ROOF_1.2_CV_WALL_0.8_CV_IMPROAD_0.8,ther
348,28,TK_IMPROAD_1.2_TK_ROOF_0.8_TK_WALL_0.8_CV_ROOF_0.8_CV_WALL_1.2_CV_IMPROAD_1.2,ther
349,29,TK_IMPROAD_1.2_TK_ROOF_0.8_TK_WALL_0.8_CV_ROOF_0.8_CV_WALL_1.2_CV_IMPROAD_0.8,ther
350,30,TK_IMPROAD_1.2_TK_ROOF_0.8_TK_WALL_0.8_CV_ROOF_0.8_CV_WALL_0.8_CV_IMPROAD_1.2,ther
351,31,TK_IMPROAD_1.2_TK_ROOF_0.8_TK_WALL_0.8_CV_ROOF_0.8_CV_WALL_0.8_CV_IMPROAD_0.8,ther
352,32,TK_IMPROAD_0.8_TK_ROOF_1.2_TK_WALL_1.2_CV_ROOF_1.2_CV_WALL_1.2_CV_IMPROAD_1.2,ther
353,33,TK_IMPROAD_0.8_TK_ROOF_1.2_TK_WALL_1.2_CV_ROOF_1.2_CV_WALL_1.2_CV_IMPROAD_0.8,ther
354,34,TK_IMPROAD_0.8_TK_ROOF_1.2_TK_WALL_1.2_CV_ROOF_1.2_CV_WALL_0.8_CV_IMPROAD_1.2,ther
355,35,TK_IMPROAD_0.8_TK_ROOF_1.2_TK_WALL_1.2_CV_ROOF_1.2_CV_WALL_0.8_CV_IMPROAD_0.8,ther
356,36,TK_IMPROAD_0.8_TK_ROOF_1.2_TK_WALL_1.2_CV_ROOF_0.8_CV_WALL_1.2_CV_IMPROAD_1.2,ther
357,37,TK_IMPROAD_0.8_TK_ROOF_1.2_TK_WALL_1.2_CV_ROOF_0.8_CV_WALL_1.2_CV_IMPROAD_0.8,ther
358,38,TK_IMPROAD_0.8_TK_ROOF_1.2_TK_WALL_1.2_CV_ROOF_0.8_CV_WALL_0.8_CV_IMPROAD_1.2,ther
359,39,TK_IMPROAD_0.8_TK_ROOF_1.2_TK_WALL_1.2_CV_ROOF_0.8_CV_WALL_0.8_CV_IMPROAD_0.8,ther
360,40,TK_IMPROAD_0.8_TK_ROOF_1.2_TK_WALL_0.8_CV_ROOF_1.2_CV_WALL_1.2_CV_IMPROAD_1.2,ther
361,41,TK_IMPROAD_0.8_TK_ROOF_1.2_TK_WALL_0.8_CV_ROOF_1.2_CV_WALL_1.2_CV_IMPROAD_0.8,ther
362,42,TK_IMPROAD_0.8_TK_ROOF_1.2_TK_WALL_0.8_CV_ROOF_1.2_CV_WALL_0.8_CV_IMPROAD_1.2,ther
363,43,TK_IMPROAD_0.8_TK_ROOF_1.2_TK_WALL_0.8_CV_ROOF_1.2_CV_WALL_0.8_CV_IMPROAD_0.8,ther
364,44,TK_IMPROAD_0.8_TK_ROOF_1.2_TK_WALL_0.8_CV_ROOF_0.8_CV_WALL_1.2_CV_IMPROAD_1.2,ther
365,45,TK_IMPROAD_0.8_TK_ROOF_1.2_TK_WALL_0.8_CV_ROOF_0.8_CV_WALL_1.2_CV_IMPROAD_0.8,ther
366,46,TK_IMPROAD_0.8_TK_ROOF_1.2_TK_WALL_0.8_CV_ROOF_0.8_CV_WALL_0.8_CV_IMPROAD_1.2,ther
367,47,TK_IMPROAD_0.8_TK_ROOF_1.2_TK_WALL_0.8_CV_ROOF_0.8_CV_WALL_0.8_CV_IMPROAD_0.8,ther
368,48,TK_IMPROAD_0.8_TK_ROOF_0.8_TK_WALL_1.2_CV_ROOF_1.2_CV_WALL_1.2_CV_IMPROAD_1.2,ther
369,49,TK_IMPROAD_0.8_TK_ROOF_0.8_TK_WALL_1.2_CV_ROOF_1.2_CV_WALL_1.2_CV_IMPROAD_0.8,ther
370,50,TK_IMPROAD_0.8_TK_ROOF_0.8_TK_WALL_1.2_CV_ROOF_1.2_CV_WALL_0.8_CV_IMPROAD_1.2,ther
371,51,TK_IMPROAD_0.8_TK_ROOF_0.8_TK_WALL_1.2_CV_ROOF_1.2_CV_WALL_0.8_CV_IMPROAD_0.8,ther
372,52,TK_IMPROAD_0.8_TK_ROOF_0.8_TK_WALL_1.2_CV_ROOF_0.8_CV_WALL_1.2_CV_IMPROAD_1.2,ther
373,53,TK_IMPROAD_0.8_TK_ROOF_0.8_TK_WALL_1.2_CV_ROOF_0.8_CV_WALL_1.2_CV_IMPROAD_0.8,ther
374,54,TK_IMPROAD_0.8_TK_ROOF_0.8_TK_WALL_1.2_CV_ROOF_0.8_CV_WALL_0.8_CV_IMPROAD_1.2,ther
375,55,TK_IMPROAD_0.8_TK_ROOF_0.8_TK_WALL_1.2_CV_ROOF_0.8_CV_WALL_0.8_CV_IMPROAD_0.8,ther
376,56,TK_IMPROAD_0.8_TK_ROOF_0.8_TK_WALL_0.8_CV_ROOF_1.2_CV_WALL_1.2_CV_IMPROAD_1.2,ther
377,57,TK_IMPROAD_0.8_TK_ROOF_0.8_TK_WALL_0.8_CV_ROOF_1.2_CV_WALL_1.2_CV_IMPROAD_0.8,ther
378,58,TK_IMPROAD_0.8_TK_ROOF_0.8_TK_WALL_0.8_CV_ROOF_1.2_CV_WALL_0.8_CV_IMPROAD_1.2,ther
379,59,TK_IMPROAD_0.8_TK_ROOF_0.8_TK_WALL_0.8_CV_ROOF_1.2_CV_WALL_0.8_CV_IMPROAD_0.8,ther
380,60,TK_IMPROAD_0.8_TK_ROOF_0.8_TK_WALL_0.8_CV_ROOF_0.8_CV_WALL_1.2_CV_IMPROAD_1.2,ther
381,61,TK_IMPROAD_0.8_TK_ROOF_0.8_TK_WALL_0.8_CV_ROOF_0.8_CV_WALL_1.2_CV_IMPROAD_0.8,ther
382,62,TK_IMPROAD_0.8_TK_ROOF_0.8_TK_WALL_0.8_CV_ROOF_0.8_CV_WALL_0.8_CV_IMPROAD_1.2,ther
383,63,TK_IMPROAD_0.8_TK_ROOF_0.8_TK_WALL_0.8_CV_ROOF_0.8_CV_WALL_0.8_CV_IMPROAD_0.8,ther
384,0,T_BUILDING_MIN_1.2,temp
385,1,T_BUILDING_MIN_1.15,temp
386,2,T_BUILDING_MIN_1.1,temp
387,3,T_BUILDING_MIN_1.05,temp
388,4,T_BUILDING_MIN_0.95,temp
389,5,T_BUILDING_MIN_0.9,temp
390,6,T_BUILDING_MIN_0.85,temp
391,7,T_BUILDING_MIN_0.8,temp
